name,tissue,target,publication,source,filename
wid-smk-distal-epithelial-hyperM,blood/buccal/cervical,smoking,10.1158/0008-5472.CAN-23-2957,https://github.com/chiaraherzog/WID.smk,widsmk/WID_SMK_distal_epithelial_hyperM.csv
wid-smk-immune-hypoM,blood/buccal/cervical,smoking,10.1158/0008-5472.CAN-23-2957,https://github.com/chiaraherzog/WID.smk,widsmk/WID_SMK_immune_hypoM.csv
wid-smk-epithelial-hypoM,blood/buccal/cervical,smoking,10.1158/0008-5472.CAN-23-2957,https://github.com/chiaraherzog/WID.smk,widsmk/WID_SMK_epithelial_hypoM.csv
wid-smk-proximal-epithelial-hyperM,blood/buccal/cervical,smoking,10.1158/0008-5472.CAN-23-2957,https://github.com/chiaraherzog/WID.smk,widsmk/WID_SMK_proximal_epithelial_hyperM.csv
wahl-bmi-european,blood,BMI,10.1038/nature20784,https://pmc.ncbi.nlm.nih.gov/articles/instance/5570525/bin/NIHMS70428-supplement-Supplementary_Tables.xlsx,wahl-bmi/european.csv
wahl-bmi-indian,blood,BMI,10.1038/nature20784,https://pmc.ncbi.nlm.nih.gov/articles/instance/5570525/bin/NIHMS70428-supplement-Supplementary_Tables.xlsx,wahl-bmi/indian.csv
wahl-bmi,blood,BMI,10.1038/nature20784,https://pmc.ncbi.nlm.nih.gov/articles/instance/5570525/bin/NIHMS70428-supplement-Supplementary_Tables.xlsx,wahl-bmi/combined.csv
gs-cognitive,blood,cognitive ability,10.1186/s13059-021-02596-5,https://gitlab.com/danielmccartney/ewas_of_cognitive_function/-/raw/master/EWAS_Betas/g_processed_Mean_Beta_PIP.txt,gs-cognitive/coefs.csv
patella-lead,blood,patella lead concentration,10.1038/s41370-019-0183-9,table s3,nas-lead/patella.csv
tibia-lead,blood,tibia lead concentration,10.1038/s41370-019-0183-9,table s4,nas-lead/tibia.csv
cmv,blood,CMV,10.1038/s41467-022-33511-6,https://github.com/JacobBergstedt/CMVest/raw/refs/heads/main/model_coefficients.tsv,cmv/coefs.csv
epismoker-current,blood,smoking,10.2217/epi-2019-0206,https://github.com/sailalithabollepalli/EpiSmokEr/raw/refs/heads/master/data/MLM_coefficients.RData,epismoker/current-coefs.csv
epismoker-former,blood,smoking,10.2217/epi-2019-0206,https://github.com/sailalithabollepalli/EpiSmokEr/raw/refs/heads/master/data/MLM_coefficients.RData,epismoker/former-coefs.csv
epismoker-never,blood,smoking,10.2217/epi-2019-0206,https://github.com/sailalithabollepalli/EpiSmokEr/raw/refs/heads/master/data/MLM_coefficients.RData,epismoker/never-coefs.csv
elliott-smoking,blood,smoking,10.1186/1868-7083-6-4,https://github.com/MRCIEU/godmc/raw/refs/heads/master/resources/smoking/illig.RData,elliott/coefs.csv
zhang-smoking,blood,smoking,10.1016/j.envres.2016.01.026,https://doi.org/10.1016/j.envres.2016.01.026,zhang-smoking/coefs.csv
do.bmi,blood,BMI,10.1016/j.ajhg.2022.12.014,https://ars.els-cdn.com/content/image/1-s2.0-S0002929722005481-mmc2.xlsx,bmi/bmi-model.csv
dnamalci,blood,alcohol intake,10.1101/591404,https://github.com/yousefi138/dnamalci,alcohol/dnamalci-sites.csv
mccartney.hdl,blood,HDL cholesterol,10.1186/s13059-018-1514-1,https://ars.els-cdn.com/content/image/1-s2.0-S0002929722005481-mmc2.xlsx,hdl/mccartney_supplement_s6.csv
mccartney.alcohol,blood,alcohol intake,10.1186/s13059-018-1514-1,https://ars.els-cdn.com/content/image/1-s2.0-S0002929722005481-mmc2.xlsx,alcohol/mccartney_supplement_s3.csv
bernabeu.alcohol,blood,alcohol intake,10.1186/s13148-025-01818-y,https://static-content.springer.com/esm/art%3A10.1186%2Fs13148-025-01818-y/MediaObjects/13148_2025_1818_MOESM1_ESM.xlsx,alcohol/bernabeu_table_s2.csv
grimage,blood,time until death,10.18632/aging.101684,https://github.com/bio-learn/biolearn,grimage/grimage-coefs.csv
grimage-DNAmADM,blood,DNAmADM,10.18632/aging.101684,https://github.com/bio-learn/biolearn,grimage/grimage-DNAmADM-coefs.csv
grimage-DNAmB2M,blood,DNAmB2M,10.18632/aging.101684,https://github.com/bio-learn/biolearn,grimage/grimage-DNAmB2M-coefs.csv
grimage-DNAmCystatinC,blood,DNAmCystatinC,10.18632/aging.101684,https://github.com/bio-learn/biolearn,grimage/grimage-DNAmCystatinC-coefs.csv
grimage-DNAmGDF15,blood,DNAmGDF15,10.18632/aging.101684,https://github.com/bio-learn/biolearn,grimage/grimage-DNAmGDF15-coefs.csv
grimage-DNAmLeptin,blood,DNAmLeptin,10.18632/aging.101684,https://github.com/bio-learn/biolearn,grimage/grimage-DNAmLeptin-coefs.csv
grimage-DNAmPACKYRS,blood,DNAmPACKYRS,10.18632/aging.101684,https://github.com/bio-learn/biolearn,grimage/grimage-DNAmPACKYRS-coefs.csv
grimage-DNAmPAI1,blood,DNAmPAI1,10.18632/aging.101684,https://github.com/bio-learn/biolearn,grimage/grimage-DNAmPAI1-coefs.csv
grimage-DNAmTIMP1,blood,DNAmTIMP1,10.18632/aging.101684,https://github.com/bio-learn/biolearn,grimage/grimage-DNAmTIMP1-coefs.csv
grimagev2,blood,time until death,10.18632/aging.204434,https://github.com/bio-learn/biolearn,grimage/grimagev2-coefs.csv
grimagev2-DNAmADM,blood,DNAmADM,10.18632/aging.204434,https://github.com/bio-learn/biolearn,grimage/grimagev2-DNAmADM-coefs.csv
grimagev2-DNAmB2M,blood,DNAmB2M,10.18632/aging.204434,https://github.com/bio-learn/biolearn,grimage/grimagev2-DNAmB2M-coefs.csv
grimagev2-DNAmCystatinC,blood,DNAmCystatinC,10.18632/aging.204434,https://github.com/bio-learn/biolearn,grimage/grimagev2-DNAmCystatinC-coefs.csv
grimagev2-DNAmGDF15,blood,DNAmGDF15,10.18632/aging.204434,https://github.com/bio-learn/biolearn,grimage/grimagev2-DNAmGDF15-coefs.csv
grimagev2-DNAmLeptin,blood,DNAmLeptin,10.18632/aging.204434,https://github.com/bio-learn/biolearn,grimage/grimagev2-DNAmLeptin-coefs.csv
grimagev2-DNAmPACKYRS,blood,DNAmPACKYRS,10.18632/aging.204434,https://github.com/bio-learn/biolearn,grimage/grimagev2-DNAmPACKYRS-coefs.csv
grimagev2-DNAmPAI1,blood,DNAmPAI1,10.18632/aging.204434,https://github.com/bio-learn/biolearn,grimage/grimagev2-DNAmPAI1-coefs.csv
grimagev2-DNAmTIMP1,blood,DNAmTIMP1,10.18632/aging.204434,https://github.com/bio-learn/biolearn,grimage/grimagev2-DNAmTIMP1-coefs.csv
grimagev2-DNAmlogA1C,blood,DNAmlogA1C,10.18632/aging.204434,https://github.com/bio-learn/biolearn,grimage/grimagev2-DNAmlogA1C-coefs.csv
grimagev2-DNAmlogCRP,blood,DNAmlogCRP,10.18632/aging.204434,https://github.com/bio-learn/biolearn,grimage/grimagev2-DNAmlogCRP-coefs.csv
knight,cord,gestational age,10.1186/s13059-016-1068-z,https://static-content.springer.com/esm/art:10.1186/s13059-016-1068-z/MediaObjects/13059_2016_1068_MOESM3_ESM.csv,knight/coefs.csv
horvath,multi,age,10.1186/10.1186/gb-2013-14-10-r115,https://horvath.genetics.ucla.edu/html/dnamage/AdditionalFile3.csv,horvath/coefs.csv
hannum,blood,age,10.1016/j.molcel.2012.10.016,https://www.ncbi.nlm.nih.gov/pmc/articles/PMC3780611/bin/NIHMS418935-supplement-02.xlsx,hannum/coefs.csv
bohlin.min,cord,gestational age,10.1186/s13059-016-1063-4,http://dx.doi.org/10.5281/zenodo.60498,bohlin/model-min.csv
bohlin.1se,cord,gestational age,10.1186/s13059-016-1063-4,http://dx.doi.org/10.5281/zenodo.60498,bohlin/model-1se.csv
haftorn.epic,cord,gestational age,10.1186/s13148-021-01055-z,https://www.ncbi.nlm.nih.gov/pmc/articles/PMC8056641/bin/13148_2021_1055_MOESM4_ESM.xlsx,haftorn/epic.csv
haftorn.450k,cord,gestational age,10.1186/s13148-021-01055-z,https://www.ncbi.nlm.nih.gov/pmc/articles/PMC8056641/bin/13148_2021_1055_MOESM4_ESM.xlsx,haftorn/450k.csv
haftorn.etd,cord,gestational age,10.1186/s13148-021-01055-z,https://www.ncbi.nlm.nih.gov/pmc/articles/PMC8056641/bin/13148_2021_1055_MOESM4_ESM.xlsx,haftorn/etd.csv
epitoc,blood,stem cell divisions,10.1186/s13059-016-1064-3,https://static-content.springer.com/esm/art%3A10.1186%2Fs13059-016-1064-3/MediaObjects/13059_2016_1064_MOESM2_ESM.xls,epitoc/coefs.csv
dunedinpoam38,blood,pace of aging,10.7554/eLife.54870,https://github.com/danbelsky/DunedinPoAm38,dunedinpoam38/coefs.csv
dunedinpace,blood,pace of aging,10.7554/eLife.73420,https://github.com/danbelsky/DunedinPACE,dunedinpace/coefs.csv
hillary,blood,crp,https://www.medrxiv.org/content/10.1101/2023.11.02.23298000v1,https://raw.githubusercontent.com/robertfhillary/dnam-crp/main/Projections_Test_Cohorts/Predictors_by_groups.csv,hillary/coefs.csv
brenner,blood,mortality,10.1038/ncomms14617,Supplementary Figure 1,brenner/coefs.csv
epitoc2,blood,stem cell divisions,10.1186/s13073-020-00752-3,https://zenodo.org/record/2632938/files/dataETOC2.Rd?download=1,epitoc2/coefs.csv
lee.cpc,placenta,gestational age,10.18632/aging.102049,https://www.aging-us.com/article/102049/supplementary/SD2/0/aging-v11i12-102049-supplementary-material-SD2.csv,lee/coefs-cpc.csv
lee.rpc,placenta,gestational age,10.18632/aging.102049,https://www.aging-us.com/article/102049/supplementary/SD2/0/aging-v11i12-102049-supplementary-material-SD2.csv,lee/coefs-rpc.csv
lee.rrpc,placenta,gestational age,10.18632/aging.102049,https://www.aging-us.com/article/102049/supplementary/SD2/0/aging-v11i12-102049-supplementary-material-SD2.csv,lee/coefs-rrpc.csv
phenoage,blood,age,10.18632/aging.101414,https://www.ncbi.nlm.nih.gov/pmc/articles/PMC5940111/bin/aging-10-101414-s002.csv,levine/coefs.csv
mayne,placenta,gestational age,10.2217/epi-2016-0103,https://www.ncbi.nlm.nih.gov/pmc/articles/PMC6040051/bin/epi-09-279-s6.xlsx,mayne/coefs.csv
pedbe,buccal epithelial,age,10.1073/pnas.1820843116,https://raw.githubusercontent.com/kobor-lab/Public-Scripts/master/datcoefInteresting94.csv,pedbe/coefs.csv
skin,fibroblasts,age,10.18632/aging.101508,https://www.ncbi.nlm.nih.gov/pmc/articles/PMC6075434/bin/aging-10-101508-s005.csv,skin/coefs.csv
dnamtl,blood,telomere length,10.18632/aging.102173,https://www.ncbi.nlm.nih.gov/pmc/articles/PMC6738410/bin/aging-11-102173-s003.xlsx,tl/coefs.csv
zhang,blood,age,10.1186/s13073-019-0667-1,https://github.com/qzhang314/DNAm-based-age-predictor,zhang/coef-en.csv
zhang.blup,blood,age,10.1186/s13073-019-0667-1,https://github.com/qzhang314/DNAm-based-age-predictor,zhang/coef-blup.csv
miage,blood,stem cell divisions,10.1080/15592294.2017.1389361,http://www.columbia.edu/~sw2206/softwares/mitotic_age_R_code.zip,miage/coefs.csv
richard-huang-sbp,blood,systolic blood pressure,10.1016/j.ajhg.2017.09.028,NA,richard-huang-sbp/richard-huang-sbp.withcovars.csv
richard-huang-dbp,blood,diastolic blood pressure,10.1161/HYPERTENSIONAHA.120.14973,NA,richard-huang-dbp/richard-huang-dbp.withcovars.csv
richard-sbp,blood,systolic blood pressure,10.1016/j.ajhg.2017.09.028,NA,richard-sbp/richard-sbp.csv
richard-dbp,blood,diastolic blood pressure,10.1016/j.ajhg.2017.09.028,NA,richard-dbp/richard-dbp.csv
ADAMTS,blood,ADAMTS,10.7554/ELIFE.71802,https://zenodo.org/record/5869576/files/Predictors_Shiny_by_Groups.csv,episcores/ADAMTS.csv
Adiponectin,blood,Adiponectin,10.7554/ELIFE.71802,https://zenodo.org/record/5869576/files/Predictors_Shiny_by_Groups.csv,episcores/Adiponectin.csv
Afamin,blood,Afamin,10.7554/ELIFE.71802,https://zenodo.org/record/5869576/files/Predictors_Shiny_by_Groups.csv,episcores/Afamin.csv
Alpha-L-iduronidase,blood,Alpha-L-iduronidase,10.7554/ELIFE.71802,https://zenodo.org/record/5869576/files/Predictors_Shiny_by_Groups.csv,episcores/Alpha-L-iduronidase.csv
Aminoacylase-1,blood,Aminoacylase-1,10.7554/ELIFE.71802,https://zenodo.org/record/5869576/files/Predictors_Shiny_by_Groups.csv,episcores/Aminoacylase-1.csv
B2-microglobulin,blood,B2-microglobulin,10.7554/ELIFE.71802,https://zenodo.org/record/5869576/files/Predictors_Shiny_by_Groups.csv,episcores/B2-microglobulin.csv
BCAM,blood,BCAM,10.7554/ELIFE.71802,https://zenodo.org/record/5869576/files/Predictors_Shiny_by_Groups.csv,episcores/BCAM.csv
BMP-1,blood,BMP-1,10.7554/ELIFE.71802,https://zenodo.org/record/5869576/files/Predictors_Shiny_by_Groups.csv,episcores/BMP-1.csv
CCL11,blood,CCL11,10.7554/ELIFE.71802,https://zenodo.org/record/5869576/files/Predictors_Shiny_by_Groups.csv,episcores/CCL11.csv
CCL17,blood,CCL17,10.7554/ELIFE.71802,https://zenodo.org/record/5869576/files/Predictors_Shiny_by_Groups.csv,episcores/CCL17.csv
CCL18,blood,CCL18,10.7554/ELIFE.71802,https://zenodo.org/record/5869576/files/Predictors_Shiny_by_Groups.csv,episcores/CCL18.csv
CCL21,blood,CCL21,10.7554/ELIFE.71802,https://zenodo.org/record/5869576/files/Predictors_Shiny_by_Groups.csv,episcores/CCL21.csv
CCL22,blood,CCL22,10.7554/ELIFE.71802,https://zenodo.org/record/5869576/files/Predictors_Shiny_by_Groups.csv,episcores/CCL22.csv
CCL25_C-C,blood,CCL25_C-C,10.7554/ELIFE.71802,https://zenodo.org/record/5869576/files/Predictors_Shiny_by_Groups.csv,episcores/CCL25_C-C.csv
CD163,blood,CD163,10.7554/ELIFE.71802,https://zenodo.org/record/5869576/files/Predictors_Shiny_by_Groups.csv,episcores/CD163.csv
CD209_antigen,blood,CD209_antigen,10.7554/ELIFE.71802,https://zenodo.org/record/5869576/files/Predictors_Shiny_by_Groups.csv,episcores/CD209_antigen.csv
CD48_antigen,blood,CD48_antigen,10.7554/ELIFE.71802,https://zenodo.org/record/5869576/files/Predictors_Shiny_by_Groups.csv,episcores/CD48_antigen.csv
CD6,blood,CD6,10.7554/ELIFE.71802,https://zenodo.org/record/5869576/files/Predictors_Shiny_by_Groups.csv,episcores/CD6.csv
CDL5,blood,CDL5,10.7554/ELIFE.71802,https://zenodo.org/record/5869576/files/Predictors_Shiny_by_Groups.csv,episcores/CDL5.csv
CHIT-1,blood,CHIT-1,10.7554/ELIFE.71802,https://zenodo.org/record/5869576/files/Predictors_Shiny_by_Groups.csv,episcores/CHIT-1.csv
CLEC11A_e1,blood,CLEC11A_e1,10.7554/ELIFE.71802,https://zenodo.org/record/5869576/files/Predictors_Shiny_by_Groups.csv,episcores/CLEC11A_e1.csv
CLEC11A_e2,blood,CLEC11A_e2,10.7554/ELIFE.71802,https://zenodo.org/record/5869576/files/Predictors_Shiny_by_Groups.csv,episcores/CLEC11A_e2.csv
Coagulation_factor VII,blood,Coagulation_factor VII,10.7554/ELIFE.71802,https://zenodo.org/record/5869576/files/Predictors_Shiny_by_Groups.csv,episcores/Coagulation_factor VII.csv
Complement_C4,blood,Complement_C4,10.7554/ELIFE.71802,https://zenodo.org/record/5869576/files/Predictors_Shiny_by_Groups.csv,episcores/Complement_C4.csv
Complement_C5a,blood,Complement_C5a,10.7554/ELIFE.71802,https://zenodo.org/record/5869576/files/Predictors_Shiny_by_Groups.csv,episcores/Complement_C5a.csv
Complement_c9,blood,Complement_c9,10.7554/ELIFE.71802,https://zenodo.org/record/5869576/files/Predictors_Shiny_by_Groups.csv,episcores/Complement_c9.csv
Contactin-4,blood,Contactin-4,10.7554/ELIFE.71802,https://zenodo.org/record/5869576/files/Predictors_Shiny_by_Groups.csv,episcores/Contactin-4.csv
CRP,blood,CRP,10.7554/ELIFE.71802,https://zenodo.org/record/5869576/files/Predictors_Shiny_by_Groups.csv,episcores/CRP.csv
CRTAM,blood,CRTAM,10.7554/ELIFE.71802,https://zenodo.org/record/5869576/files/Predictors_Shiny_by_Groups.csv,episcores/CRTAM.csv
CXCL10,blood,CXCL10,10.7554/ELIFE.71802,https://zenodo.org/record/5869576/files/Predictors_Shiny_by_Groups.csv,episcores/CXCL10.csv
CXCL10_soma,blood,CXCL10_soma,10.7554/ELIFE.71802,https://zenodo.org/record/5869576/files/Predictors_Shiny_by_Groups.csv,episcores/CXCL10_soma.csv
CXCL11,blood,CXCL11,10.7554/ELIFE.71802,https://zenodo.org/record/5869576/files/Predictors_Shiny_by_Groups.csv,episcores/CXCL11.csv
CXCL11_soma,blood,CXCL11_soma,10.7554/ELIFE.71802,https://zenodo.org/record/5869576/files/Predictors_Shiny_by_Groups.csv,episcores/CXCL11_soma.csv
CXCL9,blood,CXCL9,10.7554/ELIFE.71802,https://zenodo.org/record/5869576/files/Predictors_Shiny_by_Groups.csv,episcores/CXCL9.csv
E-selectin,blood,E-selectin,10.7554/ELIFE.71802,https://zenodo.org/record/5869576/files/Predictors_Shiny_by_Groups.csv,episcores/E-selectin.csv
Ectodysplasin-A,blood,Ectodysplasin-A,10.7554/ELIFE.71802,https://zenodo.org/record/5869576/files/Predictors_Shiny_by_Groups.csv,episcores/Ectodysplasin-A.csv
EN.RAGE,blood,EN.RAGE,10.7554/ELIFE.71802,https://zenodo.org/record/5869576/files/Predictors_Shiny_by_Groups.csv,episcores/EN.RAGE.csv
ENPP7,blood,ENPP7,10.7554/ELIFE.71802,https://zenodo.org/record/5869576/files/Predictors_Shiny_by_Groups.csv,episcores/ENPP7.csv
ESM-1,blood,ESM-1,10.7554/ELIFE.71802,https://zenodo.org/record/5869576/files/Predictors_Shiny_by_Groups.csv,episcores/ESM-1.csv
EZR,blood,EZR,10.7554/ELIFE.71802,https://zenodo.org/record/5869576/files/Predictors_Shiny_by_Groups.csv,episcores/EZR.csv
FAP,blood,FAP,10.7554/ELIFE.71802,https://zenodo.org/record/5869576/files/Predictors_Shiny_by_Groups.csv,episcores/FAP.csv
FCER2,blood,FCER2,10.7554/ELIFE.71802,https://zenodo.org/record/5869576/files/Predictors_Shiny_by_Groups.csv,episcores/FCER2.csv
FCGR3A,blood,FCGR3A,10.7554/ELIFE.71802,https://zenodo.org/record/5869576/files/Predictors_Shiny_by_Groups.csv,episcores/FCGR3A.csv
FcRL2,blood,FcRL2,10.7554/ELIFE.71802,https://zenodo.org/record/5869576/files/Predictors_Shiny_by_Groups.csv,episcores/FcRL2.csv
FGF.21,blood,FGF.21,10.7554/ELIFE.71802,https://zenodo.org/record/5869576/files/Predictors_Shiny_by_Groups.csv,episcores/FGF.21.csv
G.CSF,blood,G.CSF,10.7554/ELIFE.71802,https://zenodo.org/record/5869576/files/Predictors_Shiny_by_Groups.csv,episcores/G.CSF.csv
Galectin-4,blood,Galectin-4,10.7554/ELIFE.71802,https://zenodo.org/record/5869576/files/Predictors_Shiny_by_Groups.csv,episcores/Galectin-4.csv
GDF.8,blood,GDF.8,10.7554/ELIFE.71802,https://zenodo.org/record/5869576/files/Predictors_Shiny_by_Groups.csv,episcores/GDF.8.csv
GHR,blood,GHR,10.7554/ELIFE.71802,https://zenodo.org/record/5869576/files/Predictors_Shiny_by_Groups.csv,episcores/GHR.csv
GPIba,blood,GPIba,10.7554/ELIFE.71802,https://zenodo.org/record/5869576/files/Predictors_Shiny_by_Groups.csv,episcores/GPIba.csv
Granulysin,blood,Granulysin,10.7554/ELIFE.71802,https://zenodo.org/record/5869576/files/Predictors_Shiny_by_Groups.csv,episcores/Granulysin.csv
Granzyme_A,blood,Granzyme_A,10.7554/ELIFE.71802,https://zenodo.org/record/5869576/files/Predictors_Shiny_by_Groups.csv,episcores/Granzyme_A.csv
GZMA,blood,GZMA,10.7554/ELIFE.71802,https://zenodo.org/record/5869576/files/Predictors_Shiny_by_Groups.csv,episcores/GZMA.csv
HCII,blood,HCII,10.7554/ELIFE.71802,https://zenodo.org/record/5869576/files/Predictors_Shiny_by_Groups.csv,episcores/HCII.csv
HGF,blood,HGF,10.7554/ELIFE.71802,https://zenodo.org/record/5869576/files/Predictors_Shiny_by_Groups.csv,episcores/HGF.csv
HGFA,blood,HGFA,10.7554/ELIFE.71802,https://zenodo.org/record/5869576/files/Predictors_Shiny_by_Groups.csv,episcores/HGFA.csv
HGFI,blood,HGFI,10.7554/ELIFE.71802,https://zenodo.org/record/5869576/files/Predictors_Shiny_by_Groups.csv,episcores/HGFI.csv
ICAM5,blood,ICAM5,10.7554/ELIFE.71802,https://zenodo.org/record/5869576/files/Predictors_Shiny_by_Groups.csv,episcores/ICAM5.csv
IGFBP-1,blood,IGFBP-1,10.7554/ELIFE.71802,https://zenodo.org/record/5869576/files/Predictors_Shiny_by_Groups.csv,episcores/IGFBP-1.csv
IGFBP-4,blood,IGFBP-4,10.7554/ELIFE.71802,https://zenodo.org/record/5869576/files/Predictors_Shiny_by_Groups.csv,episcores/IGFBP-4.csv
Insulin_receptor,blood,Insulin_receptor,10.7554/ELIFE.71802,https://zenodo.org/record/5869576/files/Predictors_Shiny_by_Groups.csv,episcores/Insulin_receptor.csv
Interleukin-19,blood,Interleukin-19,10.7554/ELIFE.71802,https://zenodo.org/record/5869576/files/Predictors_Shiny_by_Groups.csv,episcores/Interleukin-19.csv
L-selectin,blood,L-selectin,10.7554/ELIFE.71802,https://zenodo.org/record/5869576/files/Predictors_Shiny_by_Groups.csv,episcores/L-selectin.csv
LFT,blood,LFT,10.7554/ELIFE.71802,https://zenodo.org/record/5869576/files/Predictors_Shiny_by_Groups.csv,episcores/LFT.csv
LGALS3BP,blood,LGALS3BP,10.7554/ELIFE.71802,https://zenodo.org/record/5869576/files/Predictors_Shiny_by_Groups.csv,episcores/LGALS3BP.csv
LY9,blood,LY9,10.7554/ELIFE.71802,https://zenodo.org/record/5869576/files/Predictors_Shiny_by_Groups.csv,episcores/LY9.csv
Lymphotoxin_abeta,blood,Lymphotoxin_abeta,10.7554/ELIFE.71802,https://zenodo.org/record/5869576/files/Predictors_Shiny_by_Groups.csv,episcores/Lymphotoxin_abeta.csv
Lysozyme_C,blood,Lysozyme_C,10.7554/ELIFE.71802,https://zenodo.org/record/5869576/files/Predictors_Shiny_by_Groups.csv,episcores/Lysozyme_C.csv
MIA,blood,MIA,10.7554/ELIFE.71802,https://zenodo.org/record/5869576/files/Predictors_Shiny_by_Groups.csv,episcores/MIA.csv
MMP-1,blood,MMP-1,10.7554/ELIFE.71802,https://zenodo.org/record/5869576/files/Predictors_Shiny_by_Groups.csv,episcores/MMP-1.csv
MMP-12,blood,MMP-12,10.7554/ELIFE.71802,https://zenodo.org/record/5869576/files/Predictors_Shiny_by_Groups.csv,episcores/MMP-12.csv
MMP-2,blood,MMP-2,10.7554/ELIFE.71802,https://zenodo.org/record/5869576/files/Predictors_Shiny_by_Groups.csv,episcores/MMP-2.csv
MMP-9,blood,MMP-9,10.7554/ELIFE.71802,https://zenodo.org/record/5869576/files/Predictors_Shiny_by_Groups.csv,episcores/MMP-9.csv
MMP.1,blood,MMP.1,10.7554/ELIFE.71802,https://zenodo.org/record/5869576/files/Predictors_Shiny_by_Groups.csv,episcores/MMP.1.csv
MRC2,blood,MRC2,10.7554/ELIFE.71802,https://zenodo.org/record/5869576/files/Predictors_Shiny_by_Groups.csv,episcores/MRC2.csv
Myeloperoxidase,blood,Myeloperoxidase,10.7554/ELIFE.71802,https://zenodo.org/record/5869576/files/Predictors_Shiny_by_Groups.csv,episcores/Myeloperoxidase.csv
N.CDase,blood,N.CDase,10.7554/ELIFE.71802,https://zenodo.org/record/5869576/files/Predictors_Shiny_by_Groups.csv,episcores/N.CDase.csv
NCAM-120,blood,NCAM-120,10.7554/ELIFE.71802,https://zenodo.org/record/5869576/files/Predictors_Shiny_by_Groups.csv,episcores/NCAM-120.csv
NEP,blood,NEP,10.7554/ELIFE.71802,https://zenodo.org/record/5869576/files/Predictors_Shiny_by_Groups.csv,episcores/NEP.csv
NMNAT1,blood,NMNAT1,10.7554/ELIFE.71802,https://zenodo.org/record/5869576/files/Predictors_Shiny_by_Groups.csv,episcores/NMNAT1.csv
NOTCH1,blood,NOTCH1,10.7554/ELIFE.71802,https://zenodo.org/record/5869576/files/Predictors_Shiny_by_Groups.csv,episcores/NOTCH1.csv
NRTK3,blood,NRTK3,10.7554/ELIFE.71802,https://zenodo.org/record/5869576/files/Predictors_Shiny_by_Groups.csv,episcores/NRTK3.csv
NTRK3,blood,NTRK3,10.7554/ELIFE.71802,https://zenodo.org/record/5869576/files/Predictors_Shiny_by_Groups.csv,episcores/NTRK3.csv
OSM,blood,OSM,10.7554/ELIFE.71802,https://zenodo.org/record/5869576/files/Predictors_Shiny_by_Groups.csv,episcores/OSM.csv
Osteomodulin,blood,Osteomodulin,10.7554/ELIFE.71802,https://zenodo.org/record/5869576/files/Predictors_Shiny_by_Groups.csv,episcores/Osteomodulin.csv
PAPP-A,blood,PAPP-A,10.7554/ELIFE.71802,https://zenodo.org/record/5869576/files/Predictors_Shiny_by_Groups.csv,episcores/PAPP-A.csv
PIGR,blood,PIGR,10.7554/ELIFE.71802,https://zenodo.org/record/5869576/files/Predictors_Shiny_by_Groups.csv,episcores/PIGR.csv
RARRES2,blood,RARRES2,10.7554/ELIFE.71802,https://zenodo.org/record/5869576/files/Predictors_Shiny_by_Groups.csv,episcores/RARRES2.csv
Resistin,blood,Resistin,10.7554/ELIFE.71802,https://zenodo.org/record/5869576/files/Predictors_Shiny_by_Groups.csv,episcores/Resistin.csv
S100-A9,blood,S100-A9,10.7554/ELIFE.71802,https://zenodo.org/record/5869576/files/Predictors_Shiny_by_Groups.csv,episcores/S100-A9.csv
Semaphorin-3E,blood,Semaphorin-3E,10.7554/ELIFE.71802,https://zenodo.org/record/5869576/files/Predictors_Shiny_by_Groups.csv,episcores/Semaphorin-3E.csv
SERPIN_A3,blood,SERPIN_A3,10.7554/ELIFE.71802,https://zenodo.org/record/5869576/files/Predictors_Shiny_by_Groups.csv,episcores/SERPIN_A3.csv
SHBG,blood,SHBG,10.7554/ELIFE.71802,https://zenodo.org/record/5869576/files/Predictors_Shiny_by_Groups.csv,episcores/SHBG.csv
SIGLEC1,blood,SIGLEC1,10.7554/ELIFE.71802,https://zenodo.org/record/5869576/files/Predictors_Shiny_by_Groups.csv,episcores/SIGLEC1.csv
SKR3,blood,SKR3,10.7554/ELIFE.71802,https://zenodo.org/record/5869576/files/Predictors_Shiny_by_Groups.csv,episcores/SKR3.csv
SLITRK5,blood,SLITRK5,10.7554/ELIFE.71802,https://zenodo.org/record/5869576/files/Predictors_Shiny_by_Groups.csv,episcores/SLITRK5.csv
SMPD1,blood,SMPD1,10.7554/ELIFE.71802,https://zenodo.org/record/5869576/files/Predictors_Shiny_by_Groups.csv,episcores/SMPD1.csv
Stanniocalcin-1,blood,Stanniocalcin-1,10.7554/ELIFE.71802,https://zenodo.org/record/5869576/files/Predictors_Shiny_by_Groups.csv,episcores/Stanniocalcin-1.csv
Testican-2,blood,Testican-2,10.7554/ELIFE.71802,https://zenodo.org/record/5869576/files/Predictors_Shiny_by_Groups.csv,episcores/Testican-2.csv
TGF.alpha,blood,TGF.alpha,10.7554/ELIFE.71802,https://zenodo.org/record/5869576/files/Predictors_Shiny_by_Groups.csv,episcores/TGF.alpha.csv
THBS2,blood,THBS2,10.7554/ELIFE.71802,https://zenodo.org/record/5869576/files/Predictors_Shiny_by_Groups.csv,episcores/THBS2.csv
TNFRSF17,blood,TNFRSF17,10.7554/ELIFE.71802,https://zenodo.org/record/5869576/files/Predictors_Shiny_by_Groups.csv,episcores/TNFRSF17.csv
TNFRSF1B,blood,TNFRSF1B,10.7554/ELIFE.71802,https://zenodo.org/record/5869576/files/Predictors_Shiny_by_Groups.csv,episcores/TNFRSF1B.csv
TPO,blood,TPO,10.7554/ELIFE.71802,https://zenodo.org/record/5869576/files/Predictors_Shiny_by_Groups.csv,episcores/TPO.csv
Trypsin-2,blood,Trypsin-2,10.7554/ELIFE.71802,https://zenodo.org/record/5869576/files/Predictors_Shiny_by_Groups.csv,episcores/Trypsin-2.csv
Tryptase_beta-2,blood,Tryptase_beta-2,10.7554/ELIFE.71802,https://zenodo.org/record/5869576/files/Predictors_Shiny_by_Groups.csv,episcores/Tryptase_beta-2.csv
VCAM1,blood,VCAM1,10.7554/ELIFE.71802,https://zenodo.org/record/5869576/files/Predictors_Shiny_by_Groups.csv,episcores/VCAM1.csv
VEGFA,blood,VEGFA,10.7554/ELIFE.71802,https://zenodo.org/record/5869576/files/Predictors_Shiny_by_Groups.csv,episcores/VEGFA.csv
WFIKKN2,blood,WFIKKN2,10.7554/ELIFE.71802,https://zenodo.org/record/5869576/files/Predictors_Shiny_by_Groups.csv,episcores/WFIKKN2.csv
langdon-agnostic-current-vs-former,blood,smoking,10.1186/s13148-021-01191-6,https://www.ncbi.nlm.nih.gov/pmc/articles/PMC8597260/bin/13148_2021_1191_MOESM1_ESM.xlsx,"langdon-smoking/current-vs-former-agnostic-coefs.csv"
langdon-candidate-current-vs-former,blood,smoking,10.1186/s13148-021-01191-6,https://www.ncbi.nlm.nih.gov/pmc/articles/PMC8597260/bin/13148_2021_1191_MOESM1_ESM.xlsx,"langdon-smoking/current-vs-former-candidate-coefs.csv"
langdon-agnostic-ever-vs-never,blood,smoking,10.1186/s13148-021-01191-6,https://www.ncbi.nlm.nih.gov/pmc/articles/PMC8597260/bin/13148_2021_1191_MOESM1_ESM.xlsx,"langdon-smoking/ever-vs-never-agnostic-coefs.csv"
langdon-candidate-ever-vs-never,blood,smoking,10.1186/s13148-021-01191-6,https://www.ncbi.nlm.nih.gov/pmc/articles/PMC8597260/bin/13148_2021_1191_MOESM1_ESM.xlsx,"langdon-smoking/ever-vs-never-candidate-coefs.csv"
cheng-diabetes,blood,diabetes,10.1038/s43587-023-00391-4,https://static-content.springer.com/esm/art%3A10.1038%2Fs43587-023-00391-4/MediaObjects/43587_2023_391_MOESM3_ESM.xlsx,cheng-diabetes/coefs.csv
gdf15,blood,GDF15,10.1101/2023.10.18.23297200,https://www.medrxiv.org/content/medrxiv/early/2023/10/19/2023.10.18.23297200/DC3/embed/media-3.xlsx,gadd-biomarkers/gdf15.csv
nt-probnp,blood,NT-proBNP,10.1101/2023.10.18.23297200,https://www.medrxiv.org/content/medrxiv/early/2023/10/19/2023.10.18.23297200/DC3/embed/media-3.xlsx,gadd-biomarkers/nt-probnp.csv
mcigarette,blood,smoking,10.1101/2024.05.21.24307663,https://www.medrxiv.org/content/medrxiv/early/2024/05/21/2024.05.21.24307663/DC1/embed/media-1.xlsx,mcigarette/coefs.csv
il6,blood,IL6,0.1093/gerona/glab046,https://academic.oup.com/biomedgerontology/article/76/12/2284/6141415?login=true#supplementary-data,il6/stevenson-sites.csv
YingAdaptAge,blood,AdaptAge,10.1038/s43587-023-00557-0,https://raw.githubusercontent.com/albert-ying/biolearn/b332d123e77ffb21d443a9984332afdb88adbb17/biolearn/data/YingAdaptAge.csv,ying/YingAdaptAge.csv
YingCausAge,blood,CausAge,10.1038/s43587-023-00557-0,https://raw.githubusercontent.com/albert-ying/biolearn/b332d123e77ffb21d443a9984332afdb88adbb17/biolearn/data/YingCausAge.csv,ying/YingCausAge.csv
YingDamAge,blood,DamAge,10.1038/s43587-023-00557-0,https://raw.githubusercontent.com/albert-ying/biolearn/b332d123e77ffb21d443a9984332afdb88adbb17/biolearn/data/YingDamAge.csv,ying/YingDamAge.csv
"waterfield-VEGFA-F24-450K","blood","VEGFA","10.1101/2024.06.13.24308877","https://www.medrxiv.org/content/medrxiv/early/2024/06/13/2024.06.13.24308877/DC2/embed/media-2.zip?download=true","waterfield/models/VEGFA_F24_450K-coefs.csv"
"waterfield-MCP3-F24-450K","blood","MCP3","10.1101/2024.06.13.24308877","https://www.medrxiv.org/content/medrxiv/early/2024/06/13/2024.06.13.24308877/DC2/embed/media-2.zip?download=true","waterfield/models/MCP3_F24_450K-coefs.csv"
"waterfield-OPG-F24-450K","blood","OPG","10.1101/2024.06.13.24308877","https://www.medrxiv.org/content/medrxiv/early/2024/06/13/2024.06.13.24308877/DC2/embed/media-2.zip?download=true","waterfield/models/OPG_F24_450K-coefs.csv"
"waterfield-uPA-F24-450K","blood","uPA","10.1101/2024.06.13.24308877","https://www.medrxiv.org/content/medrxiv/early/2024/06/13/2024.06.13.24308877/DC2/embed/media-2.zip?download=true","waterfield/models/uPA_F24_450K-coefs.csv"
"waterfield-OSM-F24-450K","blood","OSM","10.1101/2024.06.13.24308877","https://www.medrxiv.org/content/medrxiv/early/2024/06/13/2024.06.13.24308877/DC2/embed/media-2.zip?download=true","waterfield/models/OSM_F24_450K-coefs.csv"
"waterfield-IL15RA-F24-450K","blood","IL15RA","10.1101/2024.06.13.24308877","https://www.medrxiv.org/content/medrxiv/early/2024/06/13/2024.06.13.24308877/DC2/embed/media-2.zip?download=true","waterfield/models/IL15RA_F24_450K-coefs.csv"
"waterfield-IL10RB-F24-450K","blood","IL10RB","10.1101/2024.06.13.24308877","https://www.medrxiv.org/content/medrxiv/early/2024/06/13/2024.06.13.24308877/DC2/embed/media-2.zip?download=true","waterfield/models/IL10RB_F24_450K-coefs.csv"
"waterfield-IL12B-F24-450K","blood","IL12B","10.1101/2024.06.13.24308877","https://www.medrxiv.org/content/medrxiv/early/2024/06/13/2024.06.13.24308877/DC2/embed/media-2.zip?download=true","waterfield/models/IL12B_F24_450K-coefs.csv"
"waterfield-IL13-F24-450K","blood","IL13","10.1101/2024.06.13.24308877","https://www.medrxiv.org/content/medrxiv/early/2024/06/13/2024.06.13.24308877/DC2/embed/media-2.zip?download=true","waterfield/models/IL13_F24_450K-coefs.csv"
"waterfield-CCL3-F24-450K","blood","CCL3","10.1101/2024.06.13.24308877","https://www.medrxiv.org/content/medrxiv/early/2024/06/13/2024.06.13.24308877/DC2/embed/media-2.zip?download=true","waterfield/models/CCL3_F24_450K-coefs.csv"
"waterfield-IFNgamma-F24-450K","blood","IFNgamma","10.1101/2024.06.13.24308877","https://www.medrxiv.org/content/medrxiv/early/2024/06/13/2024.06.13.24308877/DC2/embed/media-2.zip?download=true","waterfield/models/IFNgamma_F24_450K-coefs.csv"
"waterfield-NRTN-F24-450K","blood","NRTN","10.1101/2024.06.13.24308877","https://www.medrxiv.org/content/medrxiv/early/2024/06/13/2024.06.13.24308877/DC2/embed/media-2.zip?download=true","waterfield/models/NRTN_F24_450K-coefs.csv"
"waterfield-MCP2-F24-450K","blood","MCP2","10.1101/2024.06.13.24308877","https://www.medrxiv.org/content/medrxiv/early/2024/06/13/2024.06.13.24308877/DC2/embed/media-2.zip?download=true","waterfield/models/MCP2_F24_450K-coefs.csv"
"waterfield-CCL20-F24-450K","blood","CCL20","10.1101/2024.06.13.24308877","https://www.medrxiv.org/content/medrxiv/early/2024/06/13/2024.06.13.24308877/DC2/embed/media-2.zip?download=true","waterfield/models/CCL20_F24_450K-coefs.csv"
"waterfield-IL8-F24","blood","IL8","10.1101/2024.06.13.24308877","https://www.medrxiv.org/content/medrxiv/early/2024/06/13/2024.06.13.24308877/DC2/embed/media-2.zip?download=true","waterfield/models/IL8_F24-coefs.csv"
"waterfield-VEGFA-F24","blood","VEGFA","10.1101/2024.06.13.24308877","https://www.medrxiv.org/content/medrxiv/early/2024/06/13/2024.06.13.24308877/DC2/embed/media-2.zip?download=true","waterfield/models/VEGFA_F24-coefs.csv"
"waterfield-CD8A-F24","blood","CD8A","10.1101/2024.06.13.24308877","https://www.medrxiv.org/content/medrxiv/early/2024/06/13/2024.06.13.24308877/DC2/embed/media-2.zip?download=true","waterfield/models/CD8A_F24-coefs.csv"
"waterfield-MCP3-F24","blood","MCP3","10.1101/2024.06.13.24308877","https://www.medrxiv.org/content/medrxiv/early/2024/06/13/2024.06.13.24308877/DC2/embed/media-2.zip?download=true","waterfield/models/MCP3_F24-coefs.csv"
"waterfield-GDNF-F24","blood","GDNF","10.1101/2024.06.13.24308877","https://www.medrxiv.org/content/medrxiv/early/2024/06/13/2024.06.13.24308877/DC2/embed/media-2.zip?download=true","waterfield/models/GDNF_F24-coefs.csv"
"waterfield-CDCP1-F24","blood","CDCP1","10.1101/2024.06.13.24308877","https://www.medrxiv.org/content/medrxiv/early/2024/06/13/2024.06.13.24308877/DC2/embed/media-2.zip?download=true","waterfield/models/CDCP1_F24-coefs.csv"
"waterfield-CD244-F24","blood","CD244","10.1101/2024.06.13.24308877","https://www.medrxiv.org/content/medrxiv/early/2024/06/13/2024.06.13.24308877/DC2/embed/media-2.zip?download=true","waterfield/models/CD244_F24-coefs.csv"
"waterfield-IL7-F24","blood","IL7","10.1101/2024.06.13.24308877","https://www.medrxiv.org/content/medrxiv/early/2024/06/13/2024.06.13.24308877/DC2/embed/media-2.zip?download=true","waterfield/models/IL7_F24-coefs.csv"
"waterfield-OPG-F24","blood","OPG","10.1101/2024.06.13.24308877","https://www.medrxiv.org/content/medrxiv/early/2024/06/13/2024.06.13.24308877/DC2/embed/media-2.zip?download=true","waterfield/models/OPG_F24-coefs.csv"
"waterfield-uPA-F24","blood","uPA","10.1101/2024.06.13.24308877","https://www.medrxiv.org/content/medrxiv/early/2024/06/13/2024.06.13.24308877/DC2/embed/media-2.zip?download=true","waterfield/models/uPA_F24-coefs.csv"
"waterfield-IL6-F24","blood","IL6","10.1101/2024.06.13.24308877","https://www.medrxiv.org/content/medrxiv/early/2024/06/13/2024.06.13.24308877/DC2/embed/media-2.zip?download=true","waterfield/models/IL6_F24-coefs.csv"
"waterfield-IL17C-F24","blood","IL17C","10.1101/2024.06.13.24308877","https://www.medrxiv.org/content/medrxiv/early/2024/06/13/2024.06.13.24308877/DC2/embed/media-2.zip?download=true","waterfield/models/IL17C_F24-coefs.csv"
"waterfield-MCP1-F24","blood","MCP1","10.1101/2024.06.13.24308877","https://www.medrxiv.org/content/medrxiv/early/2024/06/13/2024.06.13.24308877/DC2/embed/media-2.zip?download=true","waterfield/models/MCP1_F24-coefs.csv"
"waterfield-IL17A-F24","blood","IL17A","10.1101/2024.06.13.24308877","https://www.medrxiv.org/content/medrxiv/early/2024/06/13/2024.06.13.24308877/DC2/embed/media-2.zip?download=true","waterfield/models/IL17A_F24-coefs.csv"
"waterfield-CXCL11-F24","blood","CXCL11","10.1101/2024.06.13.24308877","https://www.medrxiv.org/content/medrxiv/early/2024/06/13/2024.06.13.24308877/DC2/embed/media-2.zip?download=true","waterfield/models/CXCL11_F24-coefs.csv"
"waterfield-AXIN1-F24","blood","AXIN1","10.1101/2024.06.13.24308877","https://www.medrxiv.org/content/medrxiv/early/2024/06/13/2024.06.13.24308877/DC2/embed/media-2.zip?download=true","waterfield/models/AXIN1_F24-coefs.csv"
"waterfield-TRAIL-F24","blood","TRAIL","10.1101/2024.06.13.24308877","https://www.medrxiv.org/content/medrxiv/early/2024/06/13/2024.06.13.24308877/DC2/embed/media-2.zip?download=true","waterfield/models/TRAIL_F24-coefs.csv"
"waterfield-IL20RA-F24","blood","IL20RA","10.1101/2024.06.13.24308877","https://www.medrxiv.org/content/medrxiv/early/2024/06/13/2024.06.13.24308877/DC2/embed/media-2.zip?download=true","waterfield/models/IL20RA_F24-coefs.csv"
"waterfield-CXCL9-F24","blood","CXCL9","10.1101/2024.06.13.24308877","https://www.medrxiv.org/content/medrxiv/early/2024/06/13/2024.06.13.24308877/DC2/embed/media-2.zip?download=true","waterfield/models/CXCL9_F24-coefs.csv"
"waterfield-CST5-F24","blood","CST5","10.1101/2024.06.13.24308877","https://www.medrxiv.org/content/medrxiv/early/2024/06/13/2024.06.13.24308877/DC2/embed/media-2.zip?download=true","waterfield/models/CST5_F24-coefs.csv"
"waterfield-IL2RB-F24","blood","IL2RB","10.1101/2024.06.13.24308877","https://www.medrxiv.org/content/medrxiv/early/2024/06/13/2024.06.13.24308877/DC2/embed/media-2.zip?download=true","waterfield/models/IL2RB_F24-coefs.csv"
"waterfield-OSM-F24","blood","OSM","10.1101/2024.06.13.24308877","https://www.medrxiv.org/content/medrxiv/early/2024/06/13/2024.06.13.24308877/DC2/embed/media-2.zip?download=true","waterfield/models/OSM_F24-coefs.csv"
"waterfield-IL2-F24","blood","IL2","10.1101/2024.06.13.24308877","https://www.medrxiv.org/content/medrxiv/early/2024/06/13/2024.06.13.24308877/DC2/embed/media-2.zip?download=true","waterfield/models/IL2_F24-coefs.csv"
"waterfield-CXCL1-F24","blood","CXCL1","10.1101/2024.06.13.24308877","https://www.medrxiv.org/content/medrxiv/early/2024/06/13/2024.06.13.24308877/DC2/embed/media-2.zip?download=true","waterfield/models/CXCL1_F24-coefs.csv"
"waterfield-TSLP-F24","blood","TSLP","10.1101/2024.06.13.24308877","https://www.medrxiv.org/content/medrxiv/early/2024/06/13/2024.06.13.24308877/DC2/embed/media-2.zip?download=true","waterfield/models/TSLP_F24-coefs.csv"
"waterfield-CCL4-F24","blood","CCL4","10.1101/2024.06.13.24308877","https://www.medrxiv.org/content/medrxiv/early/2024/06/13/2024.06.13.24308877/DC2/embed/media-2.zip?download=true","waterfield/models/CCL4_F24-coefs.csv"
"waterfield-CD6-F24","blood","CD6","10.1101/2024.06.13.24308877","https://www.medrxiv.org/content/medrxiv/early/2024/06/13/2024.06.13.24308877/DC2/embed/media-2.zip?download=true","waterfield/models/CD6_F24-coefs.csv"
"waterfield-SCF-F24","blood","SCF","10.1101/2024.06.13.24308877","https://www.medrxiv.org/content/medrxiv/early/2024/06/13/2024.06.13.24308877/DC2/embed/media-2.zip?download=true","waterfield/models/SCF_F24-coefs.csv"
"waterfield-IL18-F24","blood","IL18","10.1101/2024.06.13.24308877","https://www.medrxiv.org/content/medrxiv/early/2024/06/13/2024.06.13.24308877/DC2/embed/media-2.zip?download=true","waterfield/models/IL18_F24-coefs.csv"
"waterfield-SLAMF1-F24","blood","SLAMF1","10.1101/2024.06.13.24308877","https://www.medrxiv.org/content/medrxiv/early/2024/06/13/2024.06.13.24308877/DC2/embed/media-2.zip?download=true","waterfield/models/SLAMF1_F24-coefs.csv"
"waterfield-TGFalpha-F24","blood","TGFalpha","10.1101/2024.06.13.24308877","https://www.medrxiv.org/content/medrxiv/early/2024/06/13/2024.06.13.24308877/DC2/embed/media-2.zip?download=true","waterfield/models/TGFalpha_F24-coefs.csv"
"waterfield-MCP4-F24","blood","MCP4","10.1101/2024.06.13.24308877","https://www.medrxiv.org/content/medrxiv/early/2024/06/13/2024.06.13.24308877/DC2/embed/media-2.zip?download=true","waterfield/models/MCP4_F24-coefs.csv"
"waterfield-CCL11-F24","blood","CCL11","10.1101/2024.06.13.24308877","https://www.medrxiv.org/content/medrxiv/early/2024/06/13/2024.06.13.24308877/DC2/embed/media-2.zip?download=true","waterfield/models/CCL11_F24-coefs.csv"
"waterfield-TNFSF14-F24","blood","TNFSF14","10.1101/2024.06.13.24308877","https://www.medrxiv.org/content/medrxiv/early/2024/06/13/2024.06.13.24308877/DC2/embed/media-2.zip?download=true","waterfield/models/TNFSF14_F24-coefs.csv"
"waterfield-FGF23-F24","blood","FGF23","10.1101/2024.06.13.24308877","https://www.medrxiv.org/content/medrxiv/early/2024/06/13/2024.06.13.24308877/DC2/embed/media-2.zip?download=true","waterfield/models/FGF23_F24-coefs.csv"
"waterfield-IL10RA-F24","blood","IL10RA","10.1101/2024.06.13.24308877","https://www.medrxiv.org/content/medrxiv/early/2024/06/13/2024.06.13.24308877/DC2/embed/media-2.zip?download=true","waterfield/models/IL10RA_F24-coefs.csv"
"waterfield-FGF5-F24","blood","FGF5","10.1101/2024.06.13.24308877","https://www.medrxiv.org/content/medrxiv/early/2024/06/13/2024.06.13.24308877/DC2/embed/media-2.zip?download=true","waterfield/models/FGF5_F24-coefs.csv"
"waterfield-MMP1-F24","blood","MMP1","10.1101/2024.06.13.24308877","https://www.medrxiv.org/content/medrxiv/early/2024/06/13/2024.06.13.24308877/DC2/embed/media-2.zip?download=true","waterfield/models/MMP1_F24-coefs.csv"
"waterfield-LIFR-F24","blood","LIFR","10.1101/2024.06.13.24308877","https://www.medrxiv.org/content/medrxiv/early/2024/06/13/2024.06.13.24308877/DC2/embed/media-2.zip?download=true","waterfield/models/LIFR_F24-coefs.csv"
"waterfield-FGF21-F24","blood","FGF21","10.1101/2024.06.13.24308877","https://www.medrxiv.org/content/medrxiv/early/2024/06/13/2024.06.13.24308877/DC2/embed/media-2.zip?download=true","waterfield/models/FGF21_F24-coefs.csv"
"waterfield-CCL19-F24","blood","CCL19","10.1101/2024.06.13.24308877","https://www.medrxiv.org/content/medrxiv/early/2024/06/13/2024.06.13.24308877/DC2/embed/media-2.zip?download=true","waterfield/models/CCL19_F24-coefs.csv"
"waterfield-IL15RA-F24","blood","IL15RA","10.1101/2024.06.13.24308877","https://www.medrxiv.org/content/medrxiv/early/2024/06/13/2024.06.13.24308877/DC2/embed/media-2.zip?download=true","waterfield/models/IL15RA_F24-coefs.csv"
"waterfield-IL10RB-F24","blood","IL10RB","10.1101/2024.06.13.24308877","https://www.medrxiv.org/content/medrxiv/early/2024/06/13/2024.06.13.24308877/DC2/embed/media-2.zip?download=true","waterfield/models/IL10RB_F24-coefs.csv"
"waterfield-IL22RA1-F24","blood","IL22RA1","10.1101/2024.06.13.24308877","https://www.medrxiv.org/content/medrxiv/early/2024/06/13/2024.06.13.24308877/DC2/embed/media-2.zip?download=true","waterfield/models/IL22RA1_F24-coefs.csv"
"waterfield-IL18R1-F24","blood","IL18R1","10.1101/2024.06.13.24308877","https://www.medrxiv.org/content/medrxiv/early/2024/06/13/2024.06.13.24308877/DC2/embed/media-2.zip?download=true","waterfield/models/IL18R1_F24-coefs.csv"
"waterfield-PDL1-F24","blood","PDL1","10.1101/2024.06.13.24308877","https://www.medrxiv.org/content/medrxiv/early/2024/06/13/2024.06.13.24308877/DC2/embed/media-2.zip?download=true","waterfield/models/PDL1_F24-coefs.csv"
"waterfield-BetaNGF-F24","blood","BetaNGF","10.1101/2024.06.13.24308877","https://www.medrxiv.org/content/medrxiv/early/2024/06/13/2024.06.13.24308877/DC2/embed/media-2.zip?download=true","waterfield/models/BetaNGF_F24-coefs.csv"
"waterfield-CXCL5-F24","blood","CXCL5","10.1101/2024.06.13.24308877","https://www.medrxiv.org/content/medrxiv/early/2024/06/13/2024.06.13.24308877/DC2/embed/media-2.zip?download=true","waterfield/models/CXCL5_F24-coefs.csv"
"waterfield-TRANCE-F24","blood","TRANCE","10.1101/2024.06.13.24308877","https://www.medrxiv.org/content/medrxiv/early/2024/06/13/2024.06.13.24308877/DC2/embed/media-2.zip?download=true","waterfield/models/TRANCE_F24-coefs.csv"
"waterfield-HGF-F24","blood","HGF","10.1101/2024.06.13.24308877","https://www.medrxiv.org/content/medrxiv/early/2024/06/13/2024.06.13.24308877/DC2/embed/media-2.zip?download=true","waterfield/models/HGF_F24-coefs.csv"
"waterfield-IL12B-F24","blood","IL12B","10.1101/2024.06.13.24308877","https://www.medrxiv.org/content/medrxiv/early/2024/06/13/2024.06.13.24308877/DC2/embed/media-2.zip?download=true","waterfield/models/IL12B_F24-coefs.csv"
"waterfield-IL24-F24","blood","IL24","10.1101/2024.06.13.24308877","https://www.medrxiv.org/content/medrxiv/early/2024/06/13/2024.06.13.24308877/DC2/embed/media-2.zip?download=true","waterfield/models/IL24_F24-coefs.csv"
"waterfield-IL13-F24","blood","IL13","10.1101/2024.06.13.24308877","https://www.medrxiv.org/content/medrxiv/early/2024/06/13/2024.06.13.24308877/DC2/embed/media-2.zip?download=true","waterfield/models/IL13_F24-coefs.csv"
"waterfield-ARTN-F24","blood","ARTN","10.1101/2024.06.13.24308877","https://www.medrxiv.org/content/medrxiv/early/2024/06/13/2024.06.13.24308877/DC2/embed/media-2.zip?download=true","waterfield/models/ARTN_F24-coefs.csv"
"waterfield-MMP10-F24","blood","MMP10","10.1101/2024.06.13.24308877","https://www.medrxiv.org/content/medrxiv/early/2024/06/13/2024.06.13.24308877/DC2/embed/media-2.zip?download=true","waterfield/models/MMP10_F24-coefs.csv"
"waterfield-IL10-F24","blood","IL10","10.1101/2024.06.13.24308877","https://www.medrxiv.org/content/medrxiv/early/2024/06/13/2024.06.13.24308877/DC2/embed/media-2.zip?download=true","waterfield/models/IL10_F24-coefs.csv"
"waterfield-TNF-F24","blood","TNF","10.1101/2024.06.13.24308877","https://www.medrxiv.org/content/medrxiv/early/2024/06/13/2024.06.13.24308877/DC2/embed/media-2.zip?download=true","waterfield/models/TNF_F24-coefs.csv"
"waterfield-CCL23-F24","blood","CCL23","10.1101/2024.06.13.24308877","https://www.medrxiv.org/content/medrxiv/early/2024/06/13/2024.06.13.24308877/DC2/embed/media-2.zip?download=true","waterfield/models/CCL23_F24-coefs.csv"
"waterfield-CD5-F24","blood","CD5","10.1101/2024.06.13.24308877","https://www.medrxiv.org/content/medrxiv/early/2024/06/13/2024.06.13.24308877/DC2/embed/media-2.zip?download=true","waterfield/models/CD5_F24-coefs.csv"
"waterfield-CCL3-F24","blood","CCL3","10.1101/2024.06.13.24308877","https://www.medrxiv.org/content/medrxiv/early/2024/06/13/2024.06.13.24308877/DC2/embed/media-2.zip?download=true","waterfield/models/CCL3_F24-coefs.csv"
"waterfield-Flt3L-F24","blood","Flt3L","10.1101/2024.06.13.24308877","https://www.medrxiv.org/content/medrxiv/early/2024/06/13/2024.06.13.24308877/DC2/embed/media-2.zip?download=true","waterfield/models/Flt3L_F24-coefs.csv"
"waterfield-CXCL6-F24","blood","CXCL6","10.1101/2024.06.13.24308877","https://www.medrxiv.org/content/medrxiv/early/2024/06/13/2024.06.13.24308877/DC2/embed/media-2.zip?download=true","waterfield/models/CXCL6_F24-coefs.csv"
"waterfield-CXCL10-F24","blood","CXCL10","10.1101/2024.06.13.24308877","https://www.medrxiv.org/content/medrxiv/early/2024/06/13/2024.06.13.24308877/DC2/embed/media-2.zip?download=true","waterfield/models/CXCL10_F24-coefs.csv"
"waterfield-IL20-F24","blood","IL20","10.1101/2024.06.13.24308877","https://www.medrxiv.org/content/medrxiv/early/2024/06/13/2024.06.13.24308877/DC2/embed/media-2.zip?download=true","waterfield/models/IL20_F24-coefs.csv"
"waterfield-SIRT2-F24","blood","SIRT2","10.1101/2024.06.13.24308877","https://www.medrxiv.org/content/medrxiv/early/2024/06/13/2024.06.13.24308877/DC2/embed/media-2.zip?download=true","waterfield/models/SIRT2_F24-coefs.csv"
"waterfield-CCL28-F24","blood","CCL28","10.1101/2024.06.13.24308877","https://www.medrxiv.org/content/medrxiv/early/2024/06/13/2024.06.13.24308877/DC2/embed/media-2.zip?download=true","waterfield/models/CCL28_F24-coefs.csv"
"waterfield-ENRAGE-F24","blood","ENRAGE","10.1101/2024.06.13.24308877","https://www.medrxiv.org/content/medrxiv/early/2024/06/13/2024.06.13.24308877/DC2/embed/media-2.zip?download=true","waterfield/models/ENRAGE_F24-coefs.csv"
"waterfield-CD40-F24","blood","CD40","10.1101/2024.06.13.24308877","https://www.medrxiv.org/content/medrxiv/early/2024/06/13/2024.06.13.24308877/DC2/embed/media-2.zip?download=true","waterfield/models/CD40_F24-coefs.csv"
"waterfield-IL33-F24","blood","IL33","10.1101/2024.06.13.24308877","https://www.medrxiv.org/content/medrxiv/early/2024/06/13/2024.06.13.24308877/DC2/embed/media-2.zip?download=true","waterfield/models/IL33_F24-coefs.csv"
"waterfield-IFNgamma-F24","blood","IFNgamma","10.1101/2024.06.13.24308877","https://www.medrxiv.org/content/medrxiv/early/2024/06/13/2024.06.13.24308877/DC2/embed/media-2.zip?download=true","waterfield/models/IFNgamma_F24-coefs.csv"
"waterfield-FGF19-F24","blood","FGF19","10.1101/2024.06.13.24308877","https://www.medrxiv.org/content/medrxiv/early/2024/06/13/2024.06.13.24308877/DC2/embed/media-2.zip?download=true","waterfield/models/FGF19_F24-coefs.csv"
"waterfield-IL4-F24","blood","IL4","10.1101/2024.06.13.24308877","https://www.medrxiv.org/content/medrxiv/early/2024/06/13/2024.06.13.24308877/DC2/embed/media-2.zip?download=true","waterfield/models/IL4_F24-coefs.csv"
"waterfield-LIF-F24","blood","LIF","10.1101/2024.06.13.24308877","https://www.medrxiv.org/content/medrxiv/early/2024/06/13/2024.06.13.24308877/DC2/embed/media-2.zip?download=true","waterfield/models/LIF_F24-coefs.csv"
"waterfield-NRTN-F24","blood","NRTN","10.1101/2024.06.13.24308877","https://www.medrxiv.org/content/medrxiv/early/2024/06/13/2024.06.13.24308877/DC2/embed/media-2.zip?download=true","waterfield/models/NRTN_F24-coefs.csv"
"waterfield-MCP2-F24","blood","MCP2","10.1101/2024.06.13.24308877","https://www.medrxiv.org/content/medrxiv/early/2024/06/13/2024.06.13.24308877/DC2/embed/media-2.zip?download=true","waterfield/models/MCP2_F24-coefs.csv"
"waterfield-CASP8-F24","blood","CASP8","10.1101/2024.06.13.24308877","https://www.medrxiv.org/content/medrxiv/early/2024/06/13/2024.06.13.24308877/DC2/embed/media-2.zip?download=true","waterfield/models/CASP8_F24-coefs.csv"
"waterfield-CCL25-F24","blood","CCL25","10.1101/2024.06.13.24308877","https://www.medrxiv.org/content/medrxiv/early/2024/06/13/2024.06.13.24308877/DC2/embed/media-2.zip?download=true","waterfield/models/CCL25_F24-coefs.csv"
"waterfield-CX3CL1-F24","blood","CX3CL1","10.1101/2024.06.13.24308877","https://www.medrxiv.org/content/medrxiv/early/2024/06/13/2024.06.13.24308877/DC2/embed/media-2.zip?download=true","waterfield/models/CX3CL1_F24-coefs.csv"
"waterfield-TNFRSF9-F24","blood","TNFRSF9","10.1101/2024.06.13.24308877","https://www.medrxiv.org/content/medrxiv/early/2024/06/13/2024.06.13.24308877/DC2/embed/media-2.zip?download=true","waterfield/models/TNFRSF9_F24-coefs.csv"
"waterfield-NT3-F24","blood","NT3","10.1101/2024.06.13.24308877","https://www.medrxiv.org/content/medrxiv/early/2024/06/13/2024.06.13.24308877/DC2/embed/media-2.zip?download=true","waterfield/models/NT3_F24-coefs.csv"
"waterfield-TWEAK-F24","blood","TWEAK","10.1101/2024.06.13.24308877","https://www.medrxiv.org/content/medrxiv/early/2024/06/13/2024.06.13.24308877/DC2/embed/media-2.zip?download=true","waterfield/models/TWEAK_F24-coefs.csv"
"waterfield-CCL20-F24","blood","CCL20","10.1101/2024.06.13.24308877","https://www.medrxiv.org/content/medrxiv/early/2024/06/13/2024.06.13.24308877/DC2/embed/media-2.zip?download=true","waterfield/models/CCL20_F24-coefs.csv"
"waterfield-ST1A1-F24","blood","ST1A1","10.1101/2024.06.13.24308877","https://www.medrxiv.org/content/medrxiv/early/2024/06/13/2024.06.13.24308877/DC2/embed/media-2.zip?download=true","waterfield/models/ST1A1_F24-coefs.csv"
"waterfield-STAMBP-F24","blood","STAMBP","10.1101/2024.06.13.24308877","https://www.medrxiv.org/content/medrxiv/early/2024/06/13/2024.06.13.24308877/DC2/embed/media-2.zip?download=true","waterfield/models/STAMBP_F24-coefs.csv"
"waterfield-IL5-F24","blood","IL5","10.1101/2024.06.13.24308877","https://www.medrxiv.org/content/medrxiv/early/2024/06/13/2024.06.13.24308877/DC2/embed/media-2.zip?download=true","waterfield/models/IL5_F24-coefs.csv"
"waterfield-ADA-F24","blood","ADA","10.1101/2024.06.13.24308877","https://www.medrxiv.org/content/medrxiv/early/2024/06/13/2024.06.13.24308877/DC2/embed/media-2.zip?download=true","waterfield/models/ADA_F24-coefs.csv"
"waterfield-TNFB-F24","blood","TNFB","10.1101/2024.06.13.24308877","https://www.medrxiv.org/content/medrxiv/early/2024/06/13/2024.06.13.24308877/DC2/embed/media-2.zip?download=true","waterfield/models/TNFB_F24-coefs.csv"
"waterfield-CSF1-F24","blood","CSF1","10.1101/2024.06.13.24308877","https://www.medrxiv.org/content/medrxiv/early/2024/06/13/2024.06.13.24308877/DC2/embed/media-2.zip?download=true","waterfield/models/CSF1_F24-coefs.csv"
"waterfield-IL8-F9","blood","IL8","10.1101/2024.06.13.24308877","https://www.medrxiv.org/content/medrxiv/early/2024/06/13/2024.06.13.24308877/DC2/embed/media-2.zip?download=true","waterfield/models/IL8_F9-coefs.csv"
"waterfield-VEGFA-F9","blood","VEGFA","10.1101/2024.06.13.24308877","https://www.medrxiv.org/content/medrxiv/early/2024/06/13/2024.06.13.24308877/DC2/embed/media-2.zip?download=true","waterfield/models/VEGFA_F9-coefs.csv"
"waterfield-CD8A-F9","blood","CD8A","10.1101/2024.06.13.24308877","https://www.medrxiv.org/content/medrxiv/early/2024/06/13/2024.06.13.24308877/DC2/embed/media-2.zip?download=true","waterfield/models/CD8A_F9-coefs.csv"
"waterfield-MCP3-F9","blood","MCP3","10.1101/2024.06.13.24308877","https://www.medrxiv.org/content/medrxiv/early/2024/06/13/2024.06.13.24308877/DC2/embed/media-2.zip?download=true","waterfield/models/MCP3_F9-coefs.csv"
"waterfield-GDNF-F9","blood","GDNF","10.1101/2024.06.13.24308877","https://www.medrxiv.org/content/medrxiv/early/2024/06/13/2024.06.13.24308877/DC2/embed/media-2.zip?download=true","waterfield/models/GDNF_F9-coefs.csv"
"waterfield-CDCP1-F9","blood","CDCP1","10.1101/2024.06.13.24308877","https://www.medrxiv.org/content/medrxiv/early/2024/06/13/2024.06.13.24308877/DC2/embed/media-2.zip?download=true","waterfield/models/CDCP1_F9-coefs.csv"
"waterfield-CD244-F9","blood","CD244","10.1101/2024.06.13.24308877","https://www.medrxiv.org/content/medrxiv/early/2024/06/13/2024.06.13.24308877/DC2/embed/media-2.zip?download=true","waterfield/models/CD244_F9-coefs.csv"
"waterfield-IL7-F9","blood","IL7","10.1101/2024.06.13.24308877","https://www.medrxiv.org/content/medrxiv/early/2024/06/13/2024.06.13.24308877/DC2/embed/media-2.zip?download=true","waterfield/models/IL7_F9-coefs.csv"
"waterfield-OPG-F9","blood","OPG","10.1101/2024.06.13.24308877","https://www.medrxiv.org/content/medrxiv/early/2024/06/13/2024.06.13.24308877/DC2/embed/media-2.zip?download=true","waterfield/models/OPG_F9-coefs.csv"
"waterfield-uPA-F9","blood","uPA","10.1101/2024.06.13.24308877","https://www.medrxiv.org/content/medrxiv/early/2024/06/13/2024.06.13.24308877/DC2/embed/media-2.zip?download=true","waterfield/models/uPA_F9-coefs.csv"
"waterfield-IL6-F9","blood","IL6","10.1101/2024.06.13.24308877","https://www.medrxiv.org/content/medrxiv/early/2024/06/13/2024.06.13.24308877/DC2/embed/media-2.zip?download=true","waterfield/models/IL6_F9-coefs.csv"
"waterfield-IL17C-F9","blood","IL17C","10.1101/2024.06.13.24308877","https://www.medrxiv.org/content/medrxiv/early/2024/06/13/2024.06.13.24308877/DC2/embed/media-2.zip?download=true","waterfield/models/IL17C_F9-coefs.csv"
"waterfield-MCP1-F9","blood","MCP1","10.1101/2024.06.13.24308877","https://www.medrxiv.org/content/medrxiv/early/2024/06/13/2024.06.13.24308877/DC2/embed/media-2.zip?download=true","waterfield/models/MCP1_F9-coefs.csv"
"waterfield-IL17A-F9","blood","IL17A","10.1101/2024.06.13.24308877","https://www.medrxiv.org/content/medrxiv/early/2024/06/13/2024.06.13.24308877/DC2/embed/media-2.zip?download=true","waterfield/models/IL17A_F9-coefs.csv"
"waterfield-CXCL11-F9","blood","CXCL11","10.1101/2024.06.13.24308877","https://www.medrxiv.org/content/medrxiv/early/2024/06/13/2024.06.13.24308877/DC2/embed/media-2.zip?download=true","waterfield/models/CXCL11_F9-coefs.csv"
"waterfield-AXIN1-F9","blood","AXIN1","10.1101/2024.06.13.24308877","https://www.medrxiv.org/content/medrxiv/early/2024/06/13/2024.06.13.24308877/DC2/embed/media-2.zip?download=true","waterfield/models/AXIN1_F9-coefs.csv"
"waterfield-TRAIL-F9","blood","TRAIL","10.1101/2024.06.13.24308877","https://www.medrxiv.org/content/medrxiv/early/2024/06/13/2024.06.13.24308877/DC2/embed/media-2.zip?download=true","waterfield/models/TRAIL_F9-coefs.csv"
"waterfield-IL20RA-F9","blood","IL20RA","10.1101/2024.06.13.24308877","https://www.medrxiv.org/content/medrxiv/early/2024/06/13/2024.06.13.24308877/DC2/embed/media-2.zip?download=true","waterfield/models/IL20RA_F9-coefs.csv"
"waterfield-CXCL9-F9","blood","CXCL9","10.1101/2024.06.13.24308877","https://www.medrxiv.org/content/medrxiv/early/2024/06/13/2024.06.13.24308877/DC2/embed/media-2.zip?download=true","waterfield/models/CXCL9_F9-coefs.csv"
"waterfield-CST5-F9","blood","CST5","10.1101/2024.06.13.24308877","https://www.medrxiv.org/content/medrxiv/early/2024/06/13/2024.06.13.24308877/DC2/embed/media-2.zip?download=true","waterfield/models/CST5_F9-coefs.csv"
"waterfield-IL2RB-F9","blood","IL2RB","10.1101/2024.06.13.24308877","https://www.medrxiv.org/content/medrxiv/early/2024/06/13/2024.06.13.24308877/DC2/embed/media-2.zip?download=true","waterfield/models/IL2RB_F9-coefs.csv"
"waterfield-OSM-F9","blood","OSM","10.1101/2024.06.13.24308877","https://www.medrxiv.org/content/medrxiv/early/2024/06/13/2024.06.13.24308877/DC2/embed/media-2.zip?download=true","waterfield/models/OSM_F9-coefs.csv"
"waterfield-IL2-F9","blood","IL2","10.1101/2024.06.13.24308877","https://www.medrxiv.org/content/medrxiv/early/2024/06/13/2024.06.13.24308877/DC2/embed/media-2.zip?download=true","waterfield/models/IL2_F9-coefs.csv"
"waterfield-CXCL1-F9","blood","CXCL1","10.1101/2024.06.13.24308877","https://www.medrxiv.org/content/medrxiv/early/2024/06/13/2024.06.13.24308877/DC2/embed/media-2.zip?download=true","waterfield/models/CXCL1_F9-coefs.csv"
"waterfield-TSLP-F9","blood","TSLP","10.1101/2024.06.13.24308877","https://www.medrxiv.org/content/medrxiv/early/2024/06/13/2024.06.13.24308877/DC2/embed/media-2.zip?download=true","waterfield/models/TSLP_F9-coefs.csv"
"waterfield-CCL4-F9","blood","CCL4","10.1101/2024.06.13.24308877","https://www.medrxiv.org/content/medrxiv/early/2024/06/13/2024.06.13.24308877/DC2/embed/media-2.zip?download=true","waterfield/models/CCL4_F9-coefs.csv"
"waterfield-CD6-F9","blood","CD6","10.1101/2024.06.13.24308877","https://www.medrxiv.org/content/medrxiv/early/2024/06/13/2024.06.13.24308877/DC2/embed/media-2.zip?download=true","waterfield/models/CD6_F9-coefs.csv"
"waterfield-SCF-F9","blood","SCF","10.1101/2024.06.13.24308877","https://www.medrxiv.org/content/medrxiv/early/2024/06/13/2024.06.13.24308877/DC2/embed/media-2.zip?download=true","waterfield/models/SCF_F9-coefs.csv"
"waterfield-IL18-F9","blood","IL18","10.1101/2024.06.13.24308877","https://www.medrxiv.org/content/medrxiv/early/2024/06/13/2024.06.13.24308877/DC2/embed/media-2.zip?download=true","waterfield/models/IL18_F9-coefs.csv"
"waterfield-SLAMF1-F9","blood","SLAMF1","10.1101/2024.06.13.24308877","https://www.medrxiv.org/content/medrxiv/early/2024/06/13/2024.06.13.24308877/DC2/embed/media-2.zip?download=true","waterfield/models/SLAMF1_F9-coefs.csv"
"waterfield-TGFalpha-F9","blood","TGFalpha","10.1101/2024.06.13.24308877","https://www.medrxiv.org/content/medrxiv/early/2024/06/13/2024.06.13.24308877/DC2/embed/media-2.zip?download=true","waterfield/models/TGFalpha_F9-coefs.csv"
"waterfield-MCP4-F9","blood","MCP4","10.1101/2024.06.13.24308877","https://www.medrxiv.org/content/medrxiv/early/2024/06/13/2024.06.13.24308877/DC2/embed/media-2.zip?download=true","waterfield/models/MCP4_F9-coefs.csv"
"waterfield-CCL11-F9","blood","CCL11","10.1101/2024.06.13.24308877","https://www.medrxiv.org/content/medrxiv/early/2024/06/13/2024.06.13.24308877/DC2/embed/media-2.zip?download=true","waterfield/models/CCL11_F9-coefs.csv"
"waterfield-TNFSF14-F9","blood","TNFSF14","10.1101/2024.06.13.24308877","https://www.medrxiv.org/content/medrxiv/early/2024/06/13/2024.06.13.24308877/DC2/embed/media-2.zip?download=true","waterfield/models/TNFSF14_F9-coefs.csv"
"waterfield-FGF23-F9","blood","FGF23","10.1101/2024.06.13.24308877","https://www.medrxiv.org/content/medrxiv/early/2024/06/13/2024.06.13.24308877/DC2/embed/media-2.zip?download=true","waterfield/models/FGF23_F9-coefs.csv"
"waterfield-IL10RA-F9","blood","IL10RA","10.1101/2024.06.13.24308877","https://www.medrxiv.org/content/medrxiv/early/2024/06/13/2024.06.13.24308877/DC2/embed/media-2.zip?download=true","waterfield/models/IL10RA_F9-coefs.csv"
"waterfield-FGF5-F9","blood","FGF5","10.1101/2024.06.13.24308877","https://www.medrxiv.org/content/medrxiv/early/2024/06/13/2024.06.13.24308877/DC2/embed/media-2.zip?download=true","waterfield/models/FGF5_F9-coefs.csv"
"waterfield-MMP1-F9","blood","MMP1","10.1101/2024.06.13.24308877","https://www.medrxiv.org/content/medrxiv/early/2024/06/13/2024.06.13.24308877/DC2/embed/media-2.zip?download=true","waterfield/models/MMP1_F9-coefs.csv"
"waterfield-LIFR-F9","blood","LIFR","10.1101/2024.06.13.24308877","https://www.medrxiv.org/content/medrxiv/early/2024/06/13/2024.06.13.24308877/DC2/embed/media-2.zip?download=true","waterfield/models/LIFR_F9-coefs.csv"
"waterfield-FGF21-F9","blood","FGF21","10.1101/2024.06.13.24308877","https://www.medrxiv.org/content/medrxiv/early/2024/06/13/2024.06.13.24308877/DC2/embed/media-2.zip?download=true","waterfield/models/FGF21_F9-coefs.csv"
"waterfield-CCL19-F9","blood","CCL19","10.1101/2024.06.13.24308877","https://www.medrxiv.org/content/medrxiv/early/2024/06/13/2024.06.13.24308877/DC2/embed/media-2.zip?download=true","waterfield/models/CCL19_F9-coefs.csv"
"waterfield-IL15RA-F9","blood","IL15RA","10.1101/2024.06.13.24308877","https://www.medrxiv.org/content/medrxiv/early/2024/06/13/2024.06.13.24308877/DC2/embed/media-2.zip?download=true","waterfield/models/IL15RA_F9-coefs.csv"
"waterfield-IL10RB-F9","blood","IL10RB","10.1101/2024.06.13.24308877","https://www.medrxiv.org/content/medrxiv/early/2024/06/13/2024.06.13.24308877/DC2/embed/media-2.zip?download=true","waterfield/models/IL10RB_F9-coefs.csv"
"waterfield-IL22RA1-F9","blood","IL22RA1","10.1101/2024.06.13.24308877","https://www.medrxiv.org/content/medrxiv/early/2024/06/13/2024.06.13.24308877/DC2/embed/media-2.zip?download=true","waterfield/models/IL22RA1_F9-coefs.csv"
"waterfield-IL18R1-F9","blood","IL18R1","10.1101/2024.06.13.24308877","https://www.medrxiv.org/content/medrxiv/early/2024/06/13/2024.06.13.24308877/DC2/embed/media-2.zip?download=true","waterfield/models/IL18R1_F9-coefs.csv"
"waterfield-PDL1-F9","blood","PDL1","10.1101/2024.06.13.24308877","https://www.medrxiv.org/content/medrxiv/early/2024/06/13/2024.06.13.24308877/DC2/embed/media-2.zip?download=true","waterfield/models/PDL1_F9-coefs.csv"
"waterfield-BetaNGF-F9","blood","BetaNGF","10.1101/2024.06.13.24308877","https://www.medrxiv.org/content/medrxiv/early/2024/06/13/2024.06.13.24308877/DC2/embed/media-2.zip?download=true","waterfield/models/BetaNGF_F9-coefs.csv"
"waterfield-CXCL5-F9","blood","CXCL5","10.1101/2024.06.13.24308877","https://www.medrxiv.org/content/medrxiv/early/2024/06/13/2024.06.13.24308877/DC2/embed/media-2.zip?download=true","waterfield/models/CXCL5_F9-coefs.csv"
"waterfield-TRANCE-F9","blood","TRANCE","10.1101/2024.06.13.24308877","https://www.medrxiv.org/content/medrxiv/early/2024/06/13/2024.06.13.24308877/DC2/embed/media-2.zip?download=true","waterfield/models/TRANCE_F9-coefs.csv"
"waterfield-HGF-F9","blood","HGF","10.1101/2024.06.13.24308877","https://www.medrxiv.org/content/medrxiv/early/2024/06/13/2024.06.13.24308877/DC2/embed/media-2.zip?download=true","waterfield/models/HGF_F9-coefs.csv"
"waterfield-IL12B-F9","blood","IL12B","10.1101/2024.06.13.24308877","https://www.medrxiv.org/content/medrxiv/early/2024/06/13/2024.06.13.24308877/DC2/embed/media-2.zip?download=true","waterfield/models/IL12B_F9-coefs.csv"
"waterfield-IL24-F9","blood","IL24","10.1101/2024.06.13.24308877","https://www.medrxiv.org/content/medrxiv/early/2024/06/13/2024.06.13.24308877/DC2/embed/media-2.zip?download=true","waterfield/models/IL24_F9-coefs.csv"
"waterfield-IL13-F9","blood","IL13","10.1101/2024.06.13.24308877","https://www.medrxiv.org/content/medrxiv/early/2024/06/13/2024.06.13.24308877/DC2/embed/media-2.zip?download=true","waterfield/models/IL13_F9-coefs.csv"
"waterfield-ARTN-F9","blood","ARTN","10.1101/2024.06.13.24308877","https://www.medrxiv.org/content/medrxiv/early/2024/06/13/2024.06.13.24308877/DC2/embed/media-2.zip?download=true","waterfield/models/ARTN_F9-coefs.csv"
"waterfield-MMP10-F9","blood","MMP10","10.1101/2024.06.13.24308877","https://www.medrxiv.org/content/medrxiv/early/2024/06/13/2024.06.13.24308877/DC2/embed/media-2.zip?download=true","waterfield/models/MMP10_F9-coefs.csv"
"waterfield-IL10-F9","blood","IL10","10.1101/2024.06.13.24308877","https://www.medrxiv.org/content/medrxiv/early/2024/06/13/2024.06.13.24308877/DC2/embed/media-2.zip?download=true","waterfield/models/IL10_F9-coefs.csv"
"waterfield-TNF-F9","blood","TNF","10.1101/2024.06.13.24308877","https://www.medrxiv.org/content/medrxiv/early/2024/06/13/2024.06.13.24308877/DC2/embed/media-2.zip?download=true","waterfield/models/TNF_F9-coefs.csv"
"waterfield-CCL23-F9","blood","CCL23","10.1101/2024.06.13.24308877","https://www.medrxiv.org/content/medrxiv/early/2024/06/13/2024.06.13.24308877/DC2/embed/media-2.zip?download=true","waterfield/models/CCL23_F9-coefs.csv"
"waterfield-CD5-F9","blood","CD5","10.1101/2024.06.13.24308877","https://www.medrxiv.org/content/medrxiv/early/2024/06/13/2024.06.13.24308877/DC2/embed/media-2.zip?download=true","waterfield/models/CD5_F9-coefs.csv"
"waterfield-CCL3-F9","blood","CCL3","10.1101/2024.06.13.24308877","https://www.medrxiv.org/content/medrxiv/early/2024/06/13/2024.06.13.24308877/DC2/embed/media-2.zip?download=true","waterfield/models/CCL3_F9-coefs.csv"
"waterfield-Flt3L-F9","blood","Flt3L","10.1101/2024.06.13.24308877","https://www.medrxiv.org/content/medrxiv/early/2024/06/13/2024.06.13.24308877/DC2/embed/media-2.zip?download=true","waterfield/models/Flt3L_F9-coefs.csv"
"waterfield-CXCL6-F9","blood","CXCL6","10.1101/2024.06.13.24308877","https://www.medrxiv.org/content/medrxiv/early/2024/06/13/2024.06.13.24308877/DC2/embed/media-2.zip?download=true","waterfield/models/CXCL6_F9-coefs.csv"
"waterfield-CXCL10-F9","blood","CXCL10","10.1101/2024.06.13.24308877","https://www.medrxiv.org/content/medrxiv/early/2024/06/13/2024.06.13.24308877/DC2/embed/media-2.zip?download=true","waterfield/models/CXCL10_F9-coefs.csv"
"waterfield-IL20-F9","blood","IL20","10.1101/2024.06.13.24308877","https://www.medrxiv.org/content/medrxiv/early/2024/06/13/2024.06.13.24308877/DC2/embed/media-2.zip?download=true","waterfield/models/IL20_F9-coefs.csv"
"waterfield-SIRT2-F9","blood","SIRT2","10.1101/2024.06.13.24308877","https://www.medrxiv.org/content/medrxiv/early/2024/06/13/2024.06.13.24308877/DC2/embed/media-2.zip?download=true","waterfield/models/SIRT2_F9-coefs.csv"
"waterfield-CCL28-F9","blood","CCL28","10.1101/2024.06.13.24308877","https://www.medrxiv.org/content/medrxiv/early/2024/06/13/2024.06.13.24308877/DC2/embed/media-2.zip?download=true","waterfield/models/CCL28_F9-coefs.csv"
"waterfield-ENRAGE-F9","blood","ENRAGE","10.1101/2024.06.13.24308877","https://www.medrxiv.org/content/medrxiv/early/2024/06/13/2024.06.13.24308877/DC2/embed/media-2.zip?download=true","waterfield/models/ENRAGE_F9-coefs.csv"
"waterfield-CD40-F9","blood","CD40","10.1101/2024.06.13.24308877","https://www.medrxiv.org/content/medrxiv/early/2024/06/13/2024.06.13.24308877/DC2/embed/media-2.zip?download=true","waterfield/models/CD40_F9-coefs.csv"
"waterfield-IL33-F9","blood","IL33","10.1101/2024.06.13.24308877","https://www.medrxiv.org/content/medrxiv/early/2024/06/13/2024.06.13.24308877/DC2/embed/media-2.zip?download=true","waterfield/models/IL33_F9-coefs.csv"
"waterfield-IFNgamma-F9","blood","IFNgamma","10.1101/2024.06.13.24308877","https://www.medrxiv.org/content/medrxiv/early/2024/06/13/2024.06.13.24308877/DC2/embed/media-2.zip?download=true","waterfield/models/IFNgamma_F9-coefs.csv"
"waterfield-FGF19-F9","blood","FGF19","10.1101/2024.06.13.24308877","https://www.medrxiv.org/content/medrxiv/early/2024/06/13/2024.06.13.24308877/DC2/embed/media-2.zip?download=true","waterfield/models/FGF19_F9-coefs.csv"
"waterfield-IL4-F9","blood","IL4","10.1101/2024.06.13.24308877","https://www.medrxiv.org/content/medrxiv/early/2024/06/13/2024.06.13.24308877/DC2/embed/media-2.zip?download=true","waterfield/models/IL4_F9-coefs.csv"
"waterfield-LIF-F9","blood","LIF","10.1101/2024.06.13.24308877","https://www.medrxiv.org/content/medrxiv/early/2024/06/13/2024.06.13.24308877/DC2/embed/media-2.zip?download=true","waterfield/models/LIF_F9-coefs.csv"
"waterfield-NRTN-F9","blood","NRTN","10.1101/2024.06.13.24308877","https://www.medrxiv.org/content/medrxiv/early/2024/06/13/2024.06.13.24308877/DC2/embed/media-2.zip?download=true","waterfield/models/NRTN_F9-coefs.csv"
"waterfield-MCP2-F9","blood","MCP2","10.1101/2024.06.13.24308877","https://www.medrxiv.org/content/medrxiv/early/2024/06/13/2024.06.13.24308877/DC2/embed/media-2.zip?download=true","waterfield/models/MCP2_F9-coefs.csv"
"waterfield-CASP8-F9","blood","CASP8","10.1101/2024.06.13.24308877","https://www.medrxiv.org/content/medrxiv/early/2024/06/13/2024.06.13.24308877/DC2/embed/media-2.zip?download=true","waterfield/models/CASP8_F9-coefs.csv"
"waterfield-CCL25-F9","blood","CCL25","10.1101/2024.06.13.24308877","https://www.medrxiv.org/content/medrxiv/early/2024/06/13/2024.06.13.24308877/DC2/embed/media-2.zip?download=true","waterfield/models/CCL25_F9-coefs.csv"
"waterfield-CX3CL1-F9","blood","CX3CL1","10.1101/2024.06.13.24308877","https://www.medrxiv.org/content/medrxiv/early/2024/06/13/2024.06.13.24308877/DC2/embed/media-2.zip?download=true","waterfield/models/CX3CL1_F9-coefs.csv"
"waterfield-TNFRSF9-F9","blood","TNFRSF9","10.1101/2024.06.13.24308877","https://www.medrxiv.org/content/medrxiv/early/2024/06/13/2024.06.13.24308877/DC2/embed/media-2.zip?download=true","waterfield/models/TNFRSF9_F9-coefs.csv"
"waterfield-NT3-F9","blood","NT3","10.1101/2024.06.13.24308877","https://www.medrxiv.org/content/medrxiv/early/2024/06/13/2024.06.13.24308877/DC2/embed/media-2.zip?download=true","waterfield/models/NT3_F9-coefs.csv"
"waterfield-TWEAK-F9","blood","TWEAK","10.1101/2024.06.13.24308877","https://www.medrxiv.org/content/medrxiv/early/2024/06/13/2024.06.13.24308877/DC2/embed/media-2.zip?download=true","waterfield/models/TWEAK_F9-coefs.csv"
"waterfield-CCL20-F9","blood","CCL20","10.1101/2024.06.13.24308877","https://www.medrxiv.org/content/medrxiv/early/2024/06/13/2024.06.13.24308877/DC2/embed/media-2.zip?download=true","waterfield/models/CCL20_F9-coefs.csv"
"waterfield-ST1A1-F9","blood","ST1A1","10.1101/2024.06.13.24308877","https://www.medrxiv.org/content/medrxiv/early/2024/06/13/2024.06.13.24308877/DC2/embed/media-2.zip?download=true","waterfield/models/ST1A1_F9-coefs.csv"
"waterfield-STAMBP-F9","blood","STAMBP","10.1101/2024.06.13.24308877","https://www.medrxiv.org/content/medrxiv/early/2024/06/13/2024.06.13.24308877/DC2/embed/media-2.zip?download=true","waterfield/models/STAMBP_F9-coefs.csv"
"waterfield-IL5-F9","blood","IL5","10.1101/2024.06.13.24308877","https://www.medrxiv.org/content/medrxiv/early/2024/06/13/2024.06.13.24308877/DC2/embed/media-2.zip?download=true","waterfield/models/IL5_F9-coefs.csv"
"waterfield-ADA-F9","blood","ADA","10.1101/2024.06.13.24308877","https://www.medrxiv.org/content/medrxiv/early/2024/06/13/2024.06.13.24308877/DC2/embed/media-2.zip?download=true","waterfield/models/ADA_F9-coefs.csv"
"waterfield-TNFB-F9","blood","TNFB","10.1101/2024.06.13.24308877","https://www.medrxiv.org/content/medrxiv/early/2024/06/13/2024.06.13.24308877/DC2/embed/media-2.zip?download=true","waterfield/models/TNFB_F9-coefs.csv"
"waterfield-CSF1-F9","blood","CSF1","10.1101/2024.06.13.24308877","https://www.medrxiv.org/content/medrxiv/early/2024/06/13/2024.06.13.24308877/DC2/embed/media-2.zip?download=true","waterfield/models/CSF1_F9-coefs.csv"
"waterfield-IL8-FOM1","blood","IL8","10.1101/2024.06.13.24308877","https://www.medrxiv.org/content/medrxiv/early/2024/06/13/2024.06.13.24308877/DC2/embed/media-2.zip?download=true","waterfield/models/IL8_FOM1-coefs.csv"
"waterfield-VEGFA-FOM1","blood","VEGFA","10.1101/2024.06.13.24308877","https://www.medrxiv.org/content/medrxiv/early/2024/06/13/2024.06.13.24308877/DC2/embed/media-2.zip?download=true","waterfield/models/VEGFA_FOM1-coefs.csv"
"waterfield-CD8A-FOM1","blood","CD8A","10.1101/2024.06.13.24308877","https://www.medrxiv.org/content/medrxiv/early/2024/06/13/2024.06.13.24308877/DC2/embed/media-2.zip?download=true","waterfield/models/CD8A_FOM1-coefs.csv"
"waterfield-MCP3-FOM1","blood","MCP3","10.1101/2024.06.13.24308877","https://www.medrxiv.org/content/medrxiv/early/2024/06/13/2024.06.13.24308877/DC2/embed/media-2.zip?download=true","waterfield/models/MCP3_FOM1-coefs.csv"
"waterfield-GDNF-FOM1","blood","GDNF","10.1101/2024.06.13.24308877","https://www.medrxiv.org/content/medrxiv/early/2024/06/13/2024.06.13.24308877/DC2/embed/media-2.zip?download=true","waterfield/models/GDNF_FOM1-coefs.csv"
"waterfield-CDCP1-FOM1","blood","CDCP1","10.1101/2024.06.13.24308877","https://www.medrxiv.org/content/medrxiv/early/2024/06/13/2024.06.13.24308877/DC2/embed/media-2.zip?download=true","waterfield/models/CDCP1_FOM1-coefs.csv"
"waterfield-CD244-FOM1","blood","CD244","10.1101/2024.06.13.24308877","https://www.medrxiv.org/content/medrxiv/early/2024/06/13/2024.06.13.24308877/DC2/embed/media-2.zip?download=true","waterfield/models/CD244_FOM1-coefs.csv"
"waterfield-IL7-FOM1","blood","IL7","10.1101/2024.06.13.24308877","https://www.medrxiv.org/content/medrxiv/early/2024/06/13/2024.06.13.24308877/DC2/embed/media-2.zip?download=true","waterfield/models/IL7_FOM1-coefs.csv"
"waterfield-OPG-FOM1","blood","OPG","10.1101/2024.06.13.24308877","https://www.medrxiv.org/content/medrxiv/early/2024/06/13/2024.06.13.24308877/DC2/embed/media-2.zip?download=true","waterfield/models/OPG_FOM1-coefs.csv"
"waterfield-LAPTGFbeta1-FOM1","blood","LAPTGFbeta1","10.1101/2024.06.13.24308877","https://www.medrxiv.org/content/medrxiv/early/2024/06/13/2024.06.13.24308877/DC2/embed/media-2.zip?download=true","waterfield/models/LAPTGFbeta1_FOM1-coefs.csv"
"waterfield-uPA-FOM1","blood","uPA","10.1101/2024.06.13.24308877","https://www.medrxiv.org/content/medrxiv/early/2024/06/13/2024.06.13.24308877/DC2/embed/media-2.zip?download=true","waterfield/models/uPA_FOM1-coefs.csv"
"waterfield-IL6-FOM1","blood","IL6","10.1101/2024.06.13.24308877","https://www.medrxiv.org/content/medrxiv/early/2024/06/13/2024.06.13.24308877/DC2/embed/media-2.zip?download=true","waterfield/models/IL6_FOM1-coefs.csv"
"waterfield-IL17C-FOM1","blood","IL17C","10.1101/2024.06.13.24308877","https://www.medrxiv.org/content/medrxiv/early/2024/06/13/2024.06.13.24308877/DC2/embed/media-2.zip?download=true","waterfield/models/IL17C_FOM1-coefs.csv"
"waterfield-MCP1-FOM1","blood","MCP1","10.1101/2024.06.13.24308877","https://www.medrxiv.org/content/medrxiv/early/2024/06/13/2024.06.13.24308877/DC2/embed/media-2.zip?download=true","waterfield/models/MCP1_FOM1-coefs.csv"
"waterfield-IL17A-FOM1","blood","IL17A","10.1101/2024.06.13.24308877","https://www.medrxiv.org/content/medrxiv/early/2024/06/13/2024.06.13.24308877/DC2/embed/media-2.zip?download=true","waterfield/models/IL17A_FOM1-coefs.csv"
"waterfield-CXCL11-FOM1","blood","CXCL11","10.1101/2024.06.13.24308877","https://www.medrxiv.org/content/medrxiv/early/2024/06/13/2024.06.13.24308877/DC2/embed/media-2.zip?download=true","waterfield/models/CXCL11_FOM1-coefs.csv"
"waterfield-AXIN1-FOM1","blood","AXIN1","10.1101/2024.06.13.24308877","https://www.medrxiv.org/content/medrxiv/early/2024/06/13/2024.06.13.24308877/DC2/embed/media-2.zip?download=true","waterfield/models/AXIN1_FOM1-coefs.csv"
"waterfield-TRAIL-FOM1","blood","TRAIL","10.1101/2024.06.13.24308877","https://www.medrxiv.org/content/medrxiv/early/2024/06/13/2024.06.13.24308877/DC2/embed/media-2.zip?download=true","waterfield/models/TRAIL_FOM1-coefs.csv"
"waterfield-IL20RA-FOM1","blood","IL20RA","10.1101/2024.06.13.24308877","https://www.medrxiv.org/content/medrxiv/early/2024/06/13/2024.06.13.24308877/DC2/embed/media-2.zip?download=true","waterfield/models/IL20RA_FOM1-coefs.csv"
"waterfield-CXCL9-FOM1","blood","CXCL9","10.1101/2024.06.13.24308877","https://www.medrxiv.org/content/medrxiv/early/2024/06/13/2024.06.13.24308877/DC2/embed/media-2.zip?download=true","waterfield/models/CXCL9_FOM1-coefs.csv"
"waterfield-CST5-FOM1","blood","CST5","10.1101/2024.06.13.24308877","https://www.medrxiv.org/content/medrxiv/early/2024/06/13/2024.06.13.24308877/DC2/embed/media-2.zip?download=true","waterfield/models/CST5_FOM1-coefs.csv"
"waterfield-IL2RB-FOM1","blood","IL2RB","10.1101/2024.06.13.24308877","https://www.medrxiv.org/content/medrxiv/early/2024/06/13/2024.06.13.24308877/DC2/embed/media-2.zip?download=true","waterfield/models/IL2RB_FOM1-coefs.csv"
"waterfield-IL1alpha-FOM1","blood","IL1alpha","10.1101/2024.06.13.24308877","https://www.medrxiv.org/content/medrxiv/early/2024/06/13/2024.06.13.24308877/DC2/embed/media-2.zip?download=true","waterfield/models/IL1alpha_FOM1-coefs.csv"
"waterfield-OSM-FOM1","blood","OSM","10.1101/2024.06.13.24308877","https://www.medrxiv.org/content/medrxiv/early/2024/06/13/2024.06.13.24308877/DC2/embed/media-2.zip?download=true","waterfield/models/OSM_FOM1-coefs.csv"
"waterfield-IL2-FOM1","blood","IL2","10.1101/2024.06.13.24308877","https://www.medrxiv.org/content/medrxiv/early/2024/06/13/2024.06.13.24308877/DC2/embed/media-2.zip?download=true","waterfield/models/IL2_FOM1-coefs.csv"
"waterfield-CXCL1-FOM1","blood","CXCL1","10.1101/2024.06.13.24308877","https://www.medrxiv.org/content/medrxiv/early/2024/06/13/2024.06.13.24308877/DC2/embed/media-2.zip?download=true","waterfield/models/CXCL1_FOM1-coefs.csv"
"waterfield-TSLP-FOM1","blood","TSLP","10.1101/2024.06.13.24308877","https://www.medrxiv.org/content/medrxiv/early/2024/06/13/2024.06.13.24308877/DC2/embed/media-2.zip?download=true","waterfield/models/TSLP_FOM1-coefs.csv"
"waterfield-CCL4-FOM1","blood","CCL4","10.1101/2024.06.13.24308877","https://www.medrxiv.org/content/medrxiv/early/2024/06/13/2024.06.13.24308877/DC2/embed/media-2.zip?download=true","waterfield/models/CCL4_FOM1-coefs.csv"
"waterfield-CD6-FOM1","blood","CD6","10.1101/2024.06.13.24308877","https://www.medrxiv.org/content/medrxiv/early/2024/06/13/2024.06.13.24308877/DC2/embed/media-2.zip?download=true","waterfield/models/CD6_FOM1-coefs.csv"
"waterfield-SCF-FOM1","blood","SCF","10.1101/2024.06.13.24308877","https://www.medrxiv.org/content/medrxiv/early/2024/06/13/2024.06.13.24308877/DC2/embed/media-2.zip?download=true","waterfield/models/SCF_FOM1-coefs.csv"
"waterfield-IL18-FOM1","blood","IL18","10.1101/2024.06.13.24308877","https://www.medrxiv.org/content/medrxiv/early/2024/06/13/2024.06.13.24308877/DC2/embed/media-2.zip?download=true","waterfield/models/IL18_FOM1-coefs.csv"
"waterfield-SLAMF1-FOM1","blood","SLAMF1","10.1101/2024.06.13.24308877","https://www.medrxiv.org/content/medrxiv/early/2024/06/13/2024.06.13.24308877/DC2/embed/media-2.zip?download=true","waterfield/models/SLAMF1_FOM1-coefs.csv"
"waterfield-TGFalpha-FOM1","blood","TGFalpha","10.1101/2024.06.13.24308877","https://www.medrxiv.org/content/medrxiv/early/2024/06/13/2024.06.13.24308877/DC2/embed/media-2.zip?download=true","waterfield/models/TGFalpha_FOM1-coefs.csv"
"waterfield-MCP4-FOM1","blood","MCP4","10.1101/2024.06.13.24308877","https://www.medrxiv.org/content/medrxiv/early/2024/06/13/2024.06.13.24308877/DC2/embed/media-2.zip?download=true","waterfield/models/MCP4_FOM1-coefs.csv"
"waterfield-CCL11-FOM1","blood","CCL11","10.1101/2024.06.13.24308877","https://www.medrxiv.org/content/medrxiv/early/2024/06/13/2024.06.13.24308877/DC2/embed/media-2.zip?download=true","waterfield/models/CCL11_FOM1-coefs.csv"
"waterfield-TNFSF14-FOM1","blood","TNFSF14","10.1101/2024.06.13.24308877","https://www.medrxiv.org/content/medrxiv/early/2024/06/13/2024.06.13.24308877/DC2/embed/media-2.zip?download=true","waterfield/models/TNFSF14_FOM1-coefs.csv"
"waterfield-FGF23-FOM1","blood","FGF23","10.1101/2024.06.13.24308877","https://www.medrxiv.org/content/medrxiv/early/2024/06/13/2024.06.13.24308877/DC2/embed/media-2.zip?download=true","waterfield/models/FGF23_FOM1-coefs.csv"
"waterfield-IL10RA-FOM1","blood","IL10RA","10.1101/2024.06.13.24308877","https://www.medrxiv.org/content/medrxiv/early/2024/06/13/2024.06.13.24308877/DC2/embed/media-2.zip?download=true","waterfield/models/IL10RA_FOM1-coefs.csv"
"waterfield-FGF5-FOM1","blood","FGF5","10.1101/2024.06.13.24308877","https://www.medrxiv.org/content/medrxiv/early/2024/06/13/2024.06.13.24308877/DC2/embed/media-2.zip?download=true","waterfield/models/FGF5_FOM1-coefs.csv"
"waterfield-MMP1-FOM1","blood","MMP1","10.1101/2024.06.13.24308877","https://www.medrxiv.org/content/medrxiv/early/2024/06/13/2024.06.13.24308877/DC2/embed/media-2.zip?download=true","waterfield/models/MMP1_FOM1-coefs.csv"
"waterfield-LIFR-FOM1","blood","LIFR","10.1101/2024.06.13.24308877","https://www.medrxiv.org/content/medrxiv/early/2024/06/13/2024.06.13.24308877/DC2/embed/media-2.zip?download=true","waterfield/models/LIFR_FOM1-coefs.csv"
"waterfield-FGF21-FOM1","blood","FGF21","10.1101/2024.06.13.24308877","https://www.medrxiv.org/content/medrxiv/early/2024/06/13/2024.06.13.24308877/DC2/embed/media-2.zip?download=true","waterfield/models/FGF21_FOM1-coefs.csv"
"waterfield-CCL19-FOM1","blood","CCL19","10.1101/2024.06.13.24308877","https://www.medrxiv.org/content/medrxiv/early/2024/06/13/2024.06.13.24308877/DC2/embed/media-2.zip?download=true","waterfield/models/CCL19_FOM1-coefs.csv"
"waterfield-IL15RA-FOM1","blood","IL15RA","10.1101/2024.06.13.24308877","https://www.medrxiv.org/content/medrxiv/early/2024/06/13/2024.06.13.24308877/DC2/embed/media-2.zip?download=true","waterfield/models/IL15RA_FOM1-coefs.csv"
"waterfield-IL10RB-FOM1","blood","IL10RB","10.1101/2024.06.13.24308877","https://www.medrxiv.org/content/medrxiv/early/2024/06/13/2024.06.13.24308877/DC2/embed/media-2.zip?download=true","waterfield/models/IL10RB_FOM1-coefs.csv"
"waterfield-IL22RA1-FOM1","blood","IL22RA1","10.1101/2024.06.13.24308877","https://www.medrxiv.org/content/medrxiv/early/2024/06/13/2024.06.13.24308877/DC2/embed/media-2.zip?download=true","waterfield/models/IL22RA1_FOM1-coefs.csv"
"waterfield-IL18R1-FOM1","blood","IL18R1","10.1101/2024.06.13.24308877","https://www.medrxiv.org/content/medrxiv/early/2024/06/13/2024.06.13.24308877/DC2/embed/media-2.zip?download=true","waterfield/models/IL18R1_FOM1-coefs.csv"
"waterfield-PDL1-FOM1","blood","PDL1","10.1101/2024.06.13.24308877","https://www.medrxiv.org/content/medrxiv/early/2024/06/13/2024.06.13.24308877/DC2/embed/media-2.zip?download=true","waterfield/models/PDL1_FOM1-coefs.csv"
"waterfield-BetaNGF-FOM1","blood","BetaNGF","10.1101/2024.06.13.24308877","https://www.medrxiv.org/content/medrxiv/early/2024/06/13/2024.06.13.24308877/DC2/embed/media-2.zip?download=true","waterfield/models/BetaNGF_FOM1-coefs.csv"
"waterfield-CXCL5-FOM1","blood","CXCL5","10.1101/2024.06.13.24308877","https://www.medrxiv.org/content/medrxiv/early/2024/06/13/2024.06.13.24308877/DC2/embed/media-2.zip?download=true","waterfield/models/CXCL5_FOM1-coefs.csv"
"waterfield-TRANCE-FOM1","blood","TRANCE","10.1101/2024.06.13.24308877","https://www.medrxiv.org/content/medrxiv/early/2024/06/13/2024.06.13.24308877/DC2/embed/media-2.zip?download=true","waterfield/models/TRANCE_FOM1-coefs.csv"
"waterfield-HGF-FOM1","blood","HGF","10.1101/2024.06.13.24308877","https://www.medrxiv.org/content/medrxiv/early/2024/06/13/2024.06.13.24308877/DC2/embed/media-2.zip?download=true","waterfield/models/HGF_FOM1-coefs.csv"
"waterfield-IL12B-FOM1","blood","IL12B","10.1101/2024.06.13.24308877","https://www.medrxiv.org/content/medrxiv/early/2024/06/13/2024.06.13.24308877/DC2/embed/media-2.zip?download=true","waterfield/models/IL12B_FOM1-coefs.csv"
"waterfield-IL24-FOM1","blood","IL24","10.1101/2024.06.13.24308877","https://www.medrxiv.org/content/medrxiv/early/2024/06/13/2024.06.13.24308877/DC2/embed/media-2.zip?download=true","waterfield/models/IL24_FOM1-coefs.csv"
"waterfield-IL13-FOM1","blood","IL13","10.1101/2024.06.13.24308877","https://www.medrxiv.org/content/medrxiv/early/2024/06/13/2024.06.13.24308877/DC2/embed/media-2.zip?download=true","waterfield/models/IL13_FOM1-coefs.csv"
"waterfield-ARTN-FOM1","blood","ARTN","10.1101/2024.06.13.24308877","https://www.medrxiv.org/content/medrxiv/early/2024/06/13/2024.06.13.24308877/DC2/embed/media-2.zip?download=true","waterfield/models/ARTN_FOM1-coefs.csv"
"waterfield-MMP10-FOM1","blood","MMP10","10.1101/2024.06.13.24308877","https://www.medrxiv.org/content/medrxiv/early/2024/06/13/2024.06.13.24308877/DC2/embed/media-2.zip?download=true","waterfield/models/MMP10_FOM1-coefs.csv"
"waterfield-IL10-FOM1","blood","IL10","10.1101/2024.06.13.24308877","https://www.medrxiv.org/content/medrxiv/early/2024/06/13/2024.06.13.24308877/DC2/embed/media-2.zip?download=true","waterfield/models/IL10_FOM1-coefs.csv"
"waterfield-TNF-FOM1","blood","TNF","10.1101/2024.06.13.24308877","https://www.medrxiv.org/content/medrxiv/early/2024/06/13/2024.06.13.24308877/DC2/embed/media-2.zip?download=true","waterfield/models/TNF_FOM1-coefs.csv"
"waterfield-CCL23-FOM1","blood","CCL23","10.1101/2024.06.13.24308877","https://www.medrxiv.org/content/medrxiv/early/2024/06/13/2024.06.13.24308877/DC2/embed/media-2.zip?download=true","waterfield/models/CCL23_FOM1-coefs.csv"
"waterfield-CD5-FOM1","blood","CD5","10.1101/2024.06.13.24308877","https://www.medrxiv.org/content/medrxiv/early/2024/06/13/2024.06.13.24308877/DC2/embed/media-2.zip?download=true","waterfield/models/CD5_FOM1-coefs.csv"
"waterfield-CCL3-FOM1","blood","CCL3","10.1101/2024.06.13.24308877","https://www.medrxiv.org/content/medrxiv/early/2024/06/13/2024.06.13.24308877/DC2/embed/media-2.zip?download=true","waterfield/models/CCL3_FOM1-coefs.csv"
"waterfield-Flt3L-FOM1","blood","Flt3L","10.1101/2024.06.13.24308877","https://www.medrxiv.org/content/medrxiv/early/2024/06/13/2024.06.13.24308877/DC2/embed/media-2.zip?download=true","waterfield/models/Flt3L_FOM1-coefs.csv"
"waterfield-CXCL6-FOM1","blood","CXCL6","10.1101/2024.06.13.24308877","https://www.medrxiv.org/content/medrxiv/early/2024/06/13/2024.06.13.24308877/DC2/embed/media-2.zip?download=true","waterfield/models/CXCL6_FOM1-coefs.csv"
"waterfield-CXCL10-FOM1","blood","CXCL10","10.1101/2024.06.13.24308877","https://www.medrxiv.org/content/medrxiv/early/2024/06/13/2024.06.13.24308877/DC2/embed/media-2.zip?download=true","waterfield/models/CXCL10_FOM1-coefs.csv"
"waterfield-TF4EBP1-FOM1","blood","TF4EBP1","10.1101/2024.06.13.24308877","https://www.medrxiv.org/content/medrxiv/early/2024/06/13/2024.06.13.24308877/DC2/embed/media-2.zip?download=true","waterfield/models/TF4EBP1_FOM1-coefs.csv"
"waterfield-IL20-FOM1","blood","IL20","10.1101/2024.06.13.24308877","https://www.medrxiv.org/content/medrxiv/early/2024/06/13/2024.06.13.24308877/DC2/embed/media-2.zip?download=true","waterfield/models/IL20_FOM1-coefs.csv"
"waterfield-SIRT2-FOM1","blood","SIRT2","10.1101/2024.06.13.24308877","https://www.medrxiv.org/content/medrxiv/early/2024/06/13/2024.06.13.24308877/DC2/embed/media-2.zip?download=true","waterfield/models/SIRT2_FOM1-coefs.csv"
"waterfield-CCL28-FOM1","blood","CCL28","10.1101/2024.06.13.24308877","https://www.medrxiv.org/content/medrxiv/early/2024/06/13/2024.06.13.24308877/DC2/embed/media-2.zip?download=true","waterfield/models/CCL28_FOM1-coefs.csv"
"waterfield-DNER-FOM1","blood","DNER","10.1101/2024.06.13.24308877","https://www.medrxiv.org/content/medrxiv/early/2024/06/13/2024.06.13.24308877/DC2/embed/media-2.zip?download=true","waterfield/models/DNER_FOM1-coefs.csv"
"waterfield-ENRAGE-FOM1","blood","ENRAGE","10.1101/2024.06.13.24308877","https://www.medrxiv.org/content/medrxiv/early/2024/06/13/2024.06.13.24308877/DC2/embed/media-2.zip?download=true","waterfield/models/ENRAGE_FOM1-coefs.csv"
"waterfield-CD40-FOM1","blood","CD40","10.1101/2024.06.13.24308877","https://www.medrxiv.org/content/medrxiv/early/2024/06/13/2024.06.13.24308877/DC2/embed/media-2.zip?download=true","waterfield/models/CD40_FOM1-coefs.csv"
"waterfield-IL33-FOM1","blood","IL33","10.1101/2024.06.13.24308877","https://www.medrxiv.org/content/medrxiv/early/2024/06/13/2024.06.13.24308877/DC2/embed/media-2.zip?download=true","waterfield/models/IL33_FOM1-coefs.csv"
"waterfield-IFNgamma-FOM1","blood","IFNgamma","10.1101/2024.06.13.24308877","https://www.medrxiv.org/content/medrxiv/early/2024/06/13/2024.06.13.24308877/DC2/embed/media-2.zip?download=true","waterfield/models/IFNgamma_FOM1-coefs.csv"
"waterfield-FGF19-FOM1","blood","FGF19","10.1101/2024.06.13.24308877","https://www.medrxiv.org/content/medrxiv/early/2024/06/13/2024.06.13.24308877/DC2/embed/media-2.zip?download=true","waterfield/models/FGF19_FOM1-coefs.csv"
"waterfield-IL4-FOM1","blood","IL4","10.1101/2024.06.13.24308877","https://www.medrxiv.org/content/medrxiv/early/2024/06/13/2024.06.13.24308877/DC2/embed/media-2.zip?download=true","waterfield/models/IL4_FOM1-coefs.csv"
"waterfield-LIF-FOM1","blood","LIF","10.1101/2024.06.13.24308877","https://www.medrxiv.org/content/medrxiv/early/2024/06/13/2024.06.13.24308877/DC2/embed/media-2.zip?download=true","waterfield/models/LIF_FOM1-coefs.csv"
"waterfield-NRTN-FOM1","blood","NRTN","10.1101/2024.06.13.24308877","https://www.medrxiv.org/content/medrxiv/early/2024/06/13/2024.06.13.24308877/DC2/embed/media-2.zip?download=true","waterfield/models/NRTN_FOM1-coefs.csv"
"waterfield-MCP2-FOM1","blood","MCP2","10.1101/2024.06.13.24308877","https://www.medrxiv.org/content/medrxiv/early/2024/06/13/2024.06.13.24308877/DC2/embed/media-2.zip?download=true","waterfield/models/MCP2_FOM1-coefs.csv"
"waterfield-CASP8-FOM1","blood","CASP8","10.1101/2024.06.13.24308877","https://www.medrxiv.org/content/medrxiv/early/2024/06/13/2024.06.13.24308877/DC2/embed/media-2.zip?download=true","waterfield/models/CASP8_FOM1-coefs.csv"
"waterfield-CCL25-FOM1","blood","CCL25","10.1101/2024.06.13.24308877","https://www.medrxiv.org/content/medrxiv/early/2024/06/13/2024.06.13.24308877/DC2/embed/media-2.zip?download=true","waterfield/models/CCL25_FOM1-coefs.csv"
"waterfield-CX3CL1-FOM1","blood","CX3CL1","10.1101/2024.06.13.24308877","https://www.medrxiv.org/content/medrxiv/early/2024/06/13/2024.06.13.24308877/DC2/embed/media-2.zip?download=true","waterfield/models/CX3CL1_FOM1-coefs.csv"
"waterfield-TNFRSF9-FOM1","blood","TNFRSF9","10.1101/2024.06.13.24308877","https://www.medrxiv.org/content/medrxiv/early/2024/06/13/2024.06.13.24308877/DC2/embed/media-2.zip?download=true","waterfield/models/TNFRSF9_FOM1-coefs.csv"
"waterfield-NT3-FOM1","blood","NT3","10.1101/2024.06.13.24308877","https://www.medrxiv.org/content/medrxiv/early/2024/06/13/2024.06.13.24308877/DC2/embed/media-2.zip?download=true","waterfield/models/NT3_FOM1-coefs.csv"
"waterfield-TWEAK-FOM1","blood","TWEAK","10.1101/2024.06.13.24308877","https://www.medrxiv.org/content/medrxiv/early/2024/06/13/2024.06.13.24308877/DC2/embed/media-2.zip?download=true","waterfield/models/TWEAK_FOM1-coefs.csv"
"waterfield-CCL20-FOM1","blood","CCL20","10.1101/2024.06.13.24308877","https://www.medrxiv.org/content/medrxiv/early/2024/06/13/2024.06.13.24308877/DC2/embed/media-2.zip?download=true","waterfield/models/CCL20_FOM1-coefs.csv"
"waterfield-ST1A1-FOM1","blood","ST1A1","10.1101/2024.06.13.24308877","https://www.medrxiv.org/content/medrxiv/early/2024/06/13/2024.06.13.24308877/DC2/embed/media-2.zip?download=true","waterfield/models/ST1A1_FOM1-coefs.csv"
"waterfield-STAMBP-FOM1","blood","STAMBP","10.1101/2024.06.13.24308877","https://www.medrxiv.org/content/medrxiv/early/2024/06/13/2024.06.13.24308877/DC2/embed/media-2.zip?download=true","waterfield/models/STAMBP_FOM1-coefs.csv"
"waterfield-IL5-FOM1","blood","IL5","10.1101/2024.06.13.24308877","https://www.medrxiv.org/content/medrxiv/early/2024/06/13/2024.06.13.24308877/DC2/embed/media-2.zip?download=true","waterfield/models/IL5_FOM1-coefs.csv"
"waterfield-ADA-FOM1","blood","ADA","10.1101/2024.06.13.24308877","https://www.medrxiv.org/content/medrxiv/early/2024/06/13/2024.06.13.24308877/DC2/embed/media-2.zip?download=true","waterfield/models/ADA_FOM1-coefs.csv"
"waterfield-TNFB-FOM1","blood","TNFB","10.1101/2024.06.13.24308877","https://www.medrxiv.org/content/medrxiv/early/2024/06/13/2024.06.13.24308877/DC2/embed/media-2.zip?download=true","waterfield/models/TNFB_FOM1-coefs.csv"
"waterfield-CSF1-FOM1","blood","CSF1","10.1101/2024.06.13.24308877","https://www.medrxiv.org/content/medrxiv/early/2024/06/13/2024.06.13.24308877/DC2/embed/media-2.zip?download=true","waterfield/models/CSF1_FOM1-coefs.csv"
